Timestamp,Data,Atraso(ms)
1749891846,2025-06-14 06:04:06,16.74
1749891907,2025-06-14 06:05:07,16.63
1749891967,2025-06-14 06:06:07,17.14
1749892025,2025-06-14 06:07:05,16.95
1749892081,2025-06-14 06:08:01,16.43
1749892140,2025-06-14 06:09:00,16.63
1749892198,2025-06-14 06:09:58,16.76
1749892256,2025-06-14 06:10:56,16.77
1749892322,2025-06-14 06:12:02,15.04
1749892380,2025-06-14 06:13:00,14.22
1749892437,2025-06-14 06:13:57,14.33
1749892502,2025-06-14 06:15:02,13.6
1749892568,2025-06-14 06:16:08,13.76
1749892623,2025-06-14 06:17:03,13.51
1749892688,2025-06-14 06:18:08,13.64
1749892751,2025-06-14 06:19:11,13.6
1749892806,2025-06-14 06:20:06,13.51
1749892864,2025-06-14 06:21:04,13.47
1749892928,2025-06-14 06:22:08,13.8
1749892993,2025-06-14 06:23:13,13.67
1749893050,2025-06-14 06:24:10,13.34
1749893107,2025-06-14 06:25:07,13.36
1749893164,2025-06-14 06:26:04,14.04
1749893226,2025-06-14 06:27:06,13.33
1749893284,2025-06-14 06:28:04,13.78
1749893344,2025-06-14 06:29:04,15.12
1749893402,2025-06-14 06:30:02,16.26
1749893463,2025-06-14 06:31:03,16.16
1749893522,2025-06-14 06:32:02,18.57
1749893583,2025-06-14 06:33:03,16.33
1749893647,2025-06-14 06:34:07,15.58
1749893704,2025-06-14 06:35:04,15.64
1749893763,2025-06-14 06:36:03,16.21
1749893820,2025-06-14 06:37:00,15.35
1749893879,2025-06-14 06:37:59,15.93
1749893940,2025-06-14 06:39:00,15.78
1749894000,2025-06-14 06:40:00,15.71
1749894058,2025-06-14 06:40:58,16.1
1749894117,2025-06-14 06:41:57,15.93
1749894178,2025-06-14 06:42:58,15.7
1749894235,2025-06-14 06:43:55,15.69
1749894295,2025-06-14 06:44:55,15.75
1749894356,2025-06-14 06:45:56,15.77
1749894414,2025-06-14 06:46:54,15.81
1749894472,2025-06-14 06:47:52,15.86
1749894531,2025-06-14 06:48:51,16.15
1749894593,2025-06-14 06:49:53,15.84
1749894653,2025-06-14 06:50:53,14.97
1749894710,2025-06-14 06:51:50,15.55
1749894771,2025-06-14 06:52:51,15.91
1749894831,2025-06-14 06:53:51,14.57
1749894889,2025-06-14 06:54:49,14.43
1749894950,2025-06-14 06:55:50,14.49
1749895011,2025-06-14 06:56:51,14.44
1749895071,2025-06-14 06:57:51,14.34
1749895133,2025-06-14 06:58:53,15.03
1749895192,2025-06-14 06:59:52,14.65
1749895253,2025-06-14 07:00:53,14.77
1749895312,2025-06-14 07:01:52,14.93
1749895374,2025-06-14 07:02:54,14.22
1749895432,2025-06-14 07:03:52,14.46
1749895492,2025-06-14 07:04:52,14.53
1749895555,2025-06-14 07:05:55,14.64
1749895613,2025-06-14 07:06:53,14.32
1749895677,2025-06-14 07:07:57,14.54
1749895740,2025-06-14 07:09:00,14.47
1749895804,2025-06-14 07:10:04,21.16
1749895866,2025-06-14 07:11:06,20.1
1749895924,2025-06-14 07:12:04,19.85
1749895983,2025-06-14 07:13:03,19.98
1749896043,2025-06-14 07:14:03,20.39
1749896102,2025-06-14 07:15:02,19.89
1749896164,2025-06-14 07:16:04,20.36
1749896225,2025-06-14 07:17:05,20.81
1749896284,2025-06-14 07:18:04,20.64
1749896341,2025-06-14 07:19:01,20.85
1749896400,2025-06-14 07:20:00,21.04
1749896461,2025-06-14 07:21:01,16.98
1749896521,2025-06-14 07:22:01,14.72
1749896581,2025-06-14 07:23:01,14.66
1749896639,2025-06-14 07:23:59,21.71
1749896700,2025-06-14 07:25:00,20.23
1749896757,2025-06-14 07:25:57,19.35
1749896815,2025-06-14 07:26:55,20.22
1749896879,2025-06-14 07:27:59,19.49
1749896942,2025-06-14 07:29:02,19.6
1749897004,2025-06-14 07:30:04,18.84
1749897059,2025-06-14 07:30:59,19.11
1749897116,2025-06-14 07:31:56,18.86
1749897177,2025-06-14 07:32:57,19.12
1749897234,2025-06-14 07:33:54,19.16
1749897291,2025-06-14 07:34:51,19.28
1749897353,2025-06-14 07:35:53,16.1
1749897413,2025-06-14 07:36:53,13.85
1749897468,2025-06-14 07:37:48,14.22
1749897525,2025-06-14 07:38:45,13.91
1749897586,2025-06-14 07:39:46,13.77
1749897645,2025-06-14 07:40:45,14.07
1749897704,2025-06-14 07:41:44,13.93
1749897764,2025-06-14 07:42:44,13.83
1749897823,2025-06-14 07:43:43,13.6
1749897884,2025-06-14 07:44:44,14.34
1749897948,2025-06-14 07:45:48,14.17
1749898003,2025-06-14 07:46:43,14.02
1749898060,2025-06-14 07:47:40,14.33
1749898118,2025-06-14 07:48:38,13.81
1749898181,2025-06-14 07:49:41,13.9
1749898240,2025-06-14 07:50:40,14.31
1749898302,2025-06-14 07:51:42,14.49
1749898361,2025-06-14 07:52:41,14.27
1749898420,2025-06-14 07:53:40,14.3
1749898482,2025-06-14 07:54:42,14.33
1749898544,2025-06-14 07:55:44,14.33
1749898604,2025-06-14 07:56:44,14.17
1749898666,2025-06-14 07:57:46,16.12
1749898723,2025-06-14 07:58:43,15.78
1749898784,2025-06-14 07:59:44,16.06
1749898842,2025-06-14 08:00:42,16.12
1749898901,2025-06-14 08:01:41,16.08
1749898961,2025-06-14 08:02:41,16.65
1749899020,2025-06-14 08:03:40,16.57
1749899080,2025-06-14 08:04:40,16.51
1749899138,2025-06-14 08:05:38,16.41
1749899205,2025-06-14 08:06:45,16.32
1749899268,2025-06-14 08:07:48,16.48
1749899328,2025-06-14 08:08:48,16.34
1749899388,2025-06-14 08:09:48,16.96
1749899451,2025-06-14 08:10:51,16.93
1749899510,2025-06-14 08:11:50,16.59
1749899569,2025-06-14 08:12:49,16.63
1749899622,2025-06-14 08:13:42,16.74
1749899681,2025-06-14 08:14:41,16.78
1749899741,2025-06-14 08:15:41,16.97
1749899800,2025-06-14 08:16:40,16.62
1749899860,2025-06-14 08:17:40,16.58
1749899925,2025-06-14 08:18:45,16.47
1749899986,2025-06-14 08:19:46,16.47
1749900049,2025-06-14 08:20:49,16.4
1749900107,2025-06-14 08:21:47,16.37
1749900165,2025-06-14 08:22:45,16.45
1749900226,2025-06-14 08:23:46,16.16
1749900289,2025-06-14 08:24:49,16.37
1749900350,2025-06-14 08:25:50,16.4
1749900411,2025-06-14 08:26:51,16.67
1749900470,2025-06-14 08:27:50,16.32
1749900529,2025-06-14 08:28:49,16.65
1749900589,2025-06-14 08:29:49,17.01
1749900648,2025-06-14 08:30:48,17.12
1749900713,2025-06-14 08:31:53,16.64
1749900772,2025-06-14 08:32:52,16.38
1749900837,2025-06-14 08:33:57,14.81
1749900898,2025-06-14 08:34:58,14.8
1749900953,2025-06-14 08:35:53,14.94
1749901008,2025-06-14 08:36:48,14.38
1749901068,2025-06-14 08:37:48,14.99
1749901128,2025-06-14 08:38:48,15.18
1749901191,2025-06-14 08:39:51,17.61
1749901252,2025-06-14 08:40:52,15.1
1749901313,2025-06-14 08:41:53,15.24
1749901372,2025-06-14 08:42:52,15.42
1749901431,2025-06-14 08:43:51,15.33
1749901492,2025-06-14 08:44:52,15.47
1749901547,2025-06-14 08:45:47,15.7
1749901609,2025-06-14 08:46:49,15.38
1749901671,2025-06-14 08:47:51,15.64
1749901730,2025-06-14 08:48:50,15.77
1749901784,2025-06-14 08:49:44,15.52
1749901846,2025-06-14 08:50:46,15.63
1749901905,2025-06-14 08:51:45,15.62
1749901962,2025-06-14 08:52:42,15.28
1749902022,2025-06-14 08:53:42,15.16
1749902083,2025-06-14 08:54:43,15.29
1749902142,2025-06-14 08:55:42,15.59
1749902200,2025-06-14 08:56:40,15.8
1749902263,2025-06-14 08:57:43,15.13
1749902323,2025-06-14 08:58:43,15.14
1749902383,2025-06-14 08:59:43,15.4
1749902441,2025-06-14 09:00:41,15.47
1749902497,2025-06-14 09:01:37,15.33
1749902555,2025-06-14 09:02:35,15.24
1749902608,2025-06-14 09:03:28,15.29
1749902664,2025-06-14 09:04:24,17.83
1749902721,2025-06-14 09:05:21,15.68
1749902782,2025-06-14 09:06:22,15.78
1749902841,2025-06-14 09:07:21,15.28
1749902904,2025-06-14 09:08:24,14.54
1749902965,2025-06-14 09:09:25,14.47
1749903027,2025-06-14 09:10:27,14.65
1749903085,2025-06-14 09:11:25,14.17
1749903144,2025-06-14 09:12:24,14.81
1749903200,2025-06-14 09:13:20,15.13
1749903260,2025-06-14 09:14:20,15.25
1749903318,2025-06-14 09:15:18,15.6
1749903377,2025-06-14 09:16:17,14.99
1749903438,2025-06-14 09:17:18,15.14
1749903501,2025-06-14 09:18:21,14.78
1749903559,2025-06-14 09:19:19,14.88
1749903618,2025-06-14 09:20:18,14.91
1749903676,2025-06-14 09:21:16,19.15
1749903739,2025-06-14 09:22:19,20.39
1749903800,2025-06-14 09:23:20,20.35
1749903857,2025-06-14 09:24:17,20.4
1749903916,2025-06-14 09:25:16,20.74
1749903973,2025-06-14 09:26:13,18.13
1749904034,2025-06-14 09:27:14,16.68
1749904094,2025-06-14 09:28:14,16.61
1749904157,2025-06-14 09:29:17,16.4
1749904219,2025-06-14 09:30:19,16.39
1749904280,2025-06-14 09:31:20,16.65
1749904336,2025-06-14 09:32:16,16.41
1749904392,2025-06-14 09:33:12,16.71
1749904451,2025-06-14 09:34:11,16.54
1749904510,2025-06-14 09:35:10,16.32
1749904571,2025-06-14 09:36:11,16.3
1749904631,2025-06-14 09:37:11,16.72
1749904690,2025-06-14 09:38:10,16.2
1749904750,2025-06-14 09:39:10,16.27
1749904810,2025-06-14 09:40:10,16.17
1749904869,2025-06-14 09:41:09,18.71
1749904933,2025-06-14 09:42:13,16.33
1749904995,2025-06-14 09:43:15,14.88
1749905060,2025-06-14 09:44:20,14.09
1749905122,2025-06-14 09:45:22,14.26
1749905182,2025-06-14 09:46:22,14.6
1749905247,2025-06-14 09:47:27,14.26
1749905306,2025-06-14 09:48:26,14.12
1749905363,2025-06-14 09:49:23,14.22
1749905424,2025-06-14 09:50:24,14.2
1749905484,2025-06-14 09:51:24,14.09
1749905543,2025-06-14 09:52:23,13.97
1749905601,2025-06-14 09:53:21,14.4
1749905661,2025-06-14 09:54:21,14.08
1749905719,2025-06-14 09:55:19,14.76
1749905779,2025-06-14 09:56:19,14.4
1749905836,2025-06-14 09:57:16,14.34
1749905893,2025-06-14 09:58:13,14.18
1749905950,2025-06-14 09:59:10,14.47
1749906010,2025-06-14 10:00:10,14.27
1749906072,2025-06-14 10:01:12,13.83
1749906133,2025-06-14 10:02:13,14.21
1749906191,2025-06-14 10:03:11,13.64
1749906249,2025-06-14 10:04:09,14.39
1749906308,2025-06-14 10:05:08,14.03
1749906368,2025-06-14 10:06:08,13.96
1749906428,2025-06-14 10:07:08,13.76
1749906489,2025-06-14 10:08:09,14.17
1749906547,2025-06-14 10:09:07,14.03
1749906609,2025-06-14 10:10:09,13.98
1749906672,2025-06-14 10:11:12,14.08
1749906733,2025-06-14 10:12:13,13.92
1749906795,2025-06-14 10:13:15,13.87
1749906854,2025-06-14 10:14:14,13.53
1749906915,2025-06-14 10:15:15,13.9
1749906971,2025-06-14 10:16:11,13.68
1749907031,2025-06-14 10:17:11,13.6
1749907085,2025-06-14 10:18:05,13.61
1749907146,2025-06-14 10:19:06,13.89
1749907207,2025-06-14 10:20:07,13.22
1749907267,2025-06-14 10:21:07,13.68
1749907330,2025-06-14 10:22:10,13.54
1749907388,2025-06-14 10:23:08,16.27
1749907448,2025-06-14 10:24:08,13.57
1749907505,2025-06-14 10:25:05,13.43
1749907567,2025-06-14 10:26:07,13.55
1749907625,2025-06-14 10:27:05,13.71
1749907683,2025-06-14 10:28:03,13.7
1749907743,2025-06-14 10:29:03,13.4
1749907804,2025-06-14 10:30:04,13.38
1749907866,2025-06-14 10:31:06,13.84
1749907931,2025-06-14 10:32:11,14.32
1749907991,2025-06-14 10:33:11,13.88
1749908052,2025-06-14 10:34:12,13.41
1749908115,2025-06-14 10:35:15,13.76
1749908174,2025-06-14 10:36:14,14.56
1749908233,2025-06-14 10:37:13,14.35
1749908295,2025-06-14 10:38:15,14.31
1749908355,2025-06-14 10:39:15,14.65
1749908416,2025-06-14 10:40:16,14.27
1749908475,2025-06-14 10:41:15,14.65
1749908532,2025-06-14 10:42:12,14.48
1749908592,2025-06-14 10:43:12,14.22
1749908651,2025-06-14 10:44:11,14.44
1749908717,2025-06-14 10:45:17,34.51
1749908778,2025-06-14 10:46:18,14.33
1749908843,2025-06-14 10:47:23,14.49
1749908905,2025-06-14 10:48:25,14.83
1749908961,2025-06-14 10:49:21,14.53
1749909019,2025-06-14 10:50:19,14.15
1749909078,2025-06-14 10:51:18,19.23
1749909137,2025-06-14 10:52:17,20.48
1749909193,2025-06-14 10:53:13,20.31
1749909255,2025-06-14 10:54:15,20.57
1749909314,2025-06-14 10:55:14,20.49
1749909372,2025-06-14 10:56:12,20.33
1749909426,2025-06-14 10:57:06,20.36
1749909489,2025-06-14 10:58:09,21.15
1749909546,2025-06-14 10:59:06,20.77
1749909605,2025-06-14 11:00:05,20.72
1749909664,2025-06-14 11:01:04,20.5
1749909725,2025-06-14 11:02:05,20.3
1749909782,2025-06-14 11:03:02,20.3
1749909841,2025-06-14 11:04:01,20.58
1749909899,2025-06-14 11:04:59,20.41
1749909964,2025-06-14 11:06:04,20.74
1749910021,2025-06-14 11:07:01,20.46
1749910083,2025-06-14 11:08:03,20.31
1749910144,2025-06-14 11:09:04,20.96
1749910201,2025-06-14 11:10:01,20.39
1749910264,2025-06-14 11:11:04,22.29
1749910324,2025-06-14 11:12:04,20.61
1749910382,2025-06-14 11:13:02,20.94
1749910441,2025-06-14 11:14:01,21.21
1749910501,2025-06-14 11:15:01,20.63
1749910561,2025-06-14 11:16:01,20.6
1749910622,2025-06-14 11:17:02,20.99
1749910681,2025-06-14 11:18:01,20.6
1749910741,2025-06-14 11:19:01,20.31
1749910803,2025-06-14 11:20:03,20.65
1749910862,2025-06-14 11:21:02,17.07
1749910925,2025-06-14 11:22:05,14.75
1749910984,2025-06-14 11:23:04,14.51
1749911042,2025-06-14 11:24:02,15.32
1749911106,2025-06-14 11:25:06,14.9
1749911163,2025-06-14 11:26:03,14.45
1749911223,2025-06-14 11:27:03,14.94
1749911283,2025-06-14 11:28:03,14.72
1749911339,2025-06-14 11:28:59,14.79
1749911396,2025-06-14 11:29:56,14.78
1749911459,2025-06-14 11:30:59,15.16
1749911517,2025-06-14 11:31:57,14.97
1749911575,2025-06-14 11:32:55,14.94
1749911638,2025-06-14 11:33:58,14.74
1749911703,2025-06-14 11:35:03,14.85
1749911759,2025-06-14 11:35:59,14.75
1749911823,2025-06-14 11:37:03,14.98
1749911881,2025-06-14 11:38:01,14.85
1749911940,2025-06-14 11:39:00,14.8
1749911999,2025-06-14 11:39:59,14.95
1749912060,2025-06-14 11:41:00,14.64
1749912118,2025-06-14 11:41:58,14.66
1749912176,2025-06-14 11:42:56,14.99
1749912237,2025-06-14 11:43:57,14.9
1749912299,2025-06-14 11:44:59,15.03
1749912357,2025-06-14 11:45:57,14.4
1749912416,2025-06-14 11:46:56,14.36
1749912474,2025-06-14 11:47:54,14.86
1749912534,2025-06-14 11:48:54,14.96
1749912596,2025-06-14 11:49:56,14.73
1749912654,2025-06-14 11:50:54,14.53
1749912714,2025-06-14 11:51:54,14.61
1749912773,2025-06-14 11:52:53,14.96
1749912834,2025-06-14 11:53:54,14.56
1749912890,2025-06-14 11:54:50,15.48
1749912950,2025-06-14 11:55:50,16.77
1749913011,2025-06-14 11:56:51,16.12
1749913066,2025-06-14 11:57:46,14.43
1749913129,2025-06-14 11:58:49,14.55
1749913186,2025-06-14 11:59:46,14.59
1749913242,2025-06-14 12:00:42,15.23
1749913301,2025-06-14 12:01:41,14.81
1749913361,2025-06-14 12:02:41,14.93
1749913422,2025-06-14 12:03:42,15.56
1749913480,2025-06-14 12:04:40,15.6
1749913539,2025-06-14 12:05:39,15.17
1749913596,2025-06-14 12:06:36,15.42
1749913655,2025-06-14 12:07:35,14.93
1749913715,2025-06-14 12:08:35,15.03
1749913777,2025-06-14 12:09:37,15.37
1749913836,2025-06-14 12:10:36,15.25
1749913898,2025-06-14 12:11:38,15.68
1749913957,2025-06-14 12:12:37,14.97
1749914020,2025-06-14 12:13:40,15.22
1749914084,2025-06-14 12:14:44,15.08
1749914148,2025-06-14 12:15:48,14.86
1749914207,2025-06-14 12:16:47,15.85
1749914263,2025-06-14 12:17:43,15.06
1749914320,2025-06-14 12:18:40,15.31
1749914382,2025-06-14 12:19:42,15.27
1749914440,2025-06-14 12:20:40,15.06
1749914504,2025-06-14 12:21:44,15.53
1749914565,2025-06-14 12:22:45,15.19
1749914621,2025-06-14 12:23:41,15.45
1749914676,2025-06-14 12:24:36,15.14
1749914736,2025-06-14 12:25:36,15.12
1749914797,2025-06-14 12:26:37,15.19
1749914859,2025-06-14 12:27:39,15.74
1749914919,2025-06-14 12:28:39,15.06
1749914980,2025-06-14 12:29:40,15.13
1749915038,2025-06-14 12:30:38,18.68
1749915099,2025-06-14 12:31:39,15.56
1749915158,2025-06-14 12:32:38,15.8
1749915214,2025-06-14 12:33:34,15.57
1749915277,2025-06-14 12:34:37,15.51
1749915338,2025-06-14 12:35:38,15.3
1749915397,2025-06-14 12:36:37,15.39
1749915459,2025-06-14 12:37:39,15.24
1749915519,2025-06-14 12:38:39,15.01
1749915580,2025-06-14 12:39:40,15.11
1749915639,2025-06-14 12:40:39,15.18
1749915695,2025-06-14 12:41:35,15.3
1749915755,2025-06-14 12:42:35,17.37
1749915819,2025-06-14 12:43:39,19.09
1749915879,2025-06-14 12:44:39,18.59
1749915938,2025-06-14 12:45:38,19.0
1749915997,2025-06-14 12:46:37,18.98
1749916058,2025-06-14 12:47:38,18.78
1749916115,2025-06-14 12:48:35,19.05
1749916174,2025-06-14 12:49:34,18.97
1749916235,2025-06-14 12:50:35,19.2
1749916292,2025-06-14 12:51:32,19.17
1749916351,2025-06-14 12:52:31,19.4
1749916409,2025-06-14 12:53:29,19.06
1749916471,2025-06-14 12:54:31,19.06
1749916529,2025-06-14 12:55:29,19.42
1749916592,2025-06-14 12:56:32,19.92
1749916653,2025-06-14 12:57:33,20.84
1749916715,2025-06-14 12:58:35,24.3
1749916779,2025-06-14 12:59:39,18.27
1749916837,2025-06-14 13:00:37,17.17
1749916893,2025-06-14 13:01:33,15.88
1749916954,2025-06-14 13:02:34,16.17
1749917013,2025-06-14 13:03:33,16.0
1749917071,2025-06-14 13:04:31,15.92
1749917134,2025-06-14 13:05:34,16.23
1749917194,2025-06-14 13:06:34,16.01
1749917251,2025-06-14 13:07:31,15.74
1749917309,2025-06-14 13:08:29,15.93
1749917367,2025-06-14 13:09:27,15.99
1749917424,2025-06-14 13:10:24,15.99
1749917484,2025-06-14 13:11:24,16.62
1749917547,2025-06-14 13:12:27,16.42
1749917610,2025-06-14 13:13:30,16.62
1749917673,2025-06-14 13:14:33,16.39
1749917730,2025-06-14 13:15:30,16.64
1749917792,2025-06-14 13:16:32,16.84
1749917853,2025-06-14 13:17:33,16.1
1749917913,2025-06-14 13:18:33,16.28
1749917980,2025-06-14 13:19:40,16.18
1749918043,2025-06-14 13:20:43,15.99
1749918104,2025-06-14 13:21:44,16.16
1749918164,2025-06-14 13:22:44,16.1
1749918222,2025-06-14 13:23:42,15.78
1749918282,2025-06-14 13:24:42,16.15
1749918339,2025-06-14 13:25:39,15.95
1749918398,2025-06-14 13:26:38,16.32
1749918458,2025-06-14 13:27:38,16.02
1749918516,2025-06-14 13:28:36,16.19
1749918577,2025-06-14 13:29:37,15.51
1749918637,2025-06-14 13:30:37,15.35
1749918695,2025-06-14 13:31:35,15.73
1749918754,2025-06-14 13:32:34,15.5
1749918812,2025-06-14 13:33:32,15.67
1749918872,2025-06-14 13:34:32,15.78
1749918934,2025-06-14 13:35:34,16.11
1749918995,2025-06-14 13:36:35,16.21
1749919052,2025-06-14 13:37:32,16.14
1749919112,2025-06-14 13:38:32,16.07
1749919178,2025-06-14 13:39:38,16.12
1749919239,2025-06-14 13:40:39,16.15
1749919296,2025-06-14 13:41:36,17.14
1749919361,2025-06-14 13:42:41,16.65
1749919421,2025-06-14 13:43:41,16.65
1749919478,2025-06-14 13:44:38,16.4
1749919539,2025-06-14 13:45:39,16.52
1749919599,2025-06-14 13:46:39,16.64
1749919655,2025-06-14 13:47:35,16.62
1749919719,2025-06-14 13:48:39,16.45
1749919779,2025-06-14 13:49:39,16.74
1749919839,2025-06-14 13:50:39,16.61
1749919897,2025-06-14 13:51:37,17.05
1749919959,2025-06-14 13:52:39,15.81
1749920022,2025-06-14 13:53:42,15.62
1749920082,2025-06-14 13:54:42,16.29
1749920141,2025-06-14 13:55:41,15.64
1749920203,2025-06-14 13:56:43,15.8
1749920261,2025-06-14 13:57:41,16.2
1749920320,2025-06-14 13:58:40,15.88
1749920378,2025-06-14 13:59:38,15.77
1749920440,2025-06-14 14:00:40,15.46
1749920502,2025-06-14 14:01:42,16.47
1749920562,2025-06-14 14:02:42,15.71
1749920622,2025-06-14 14:03:42,15.99
1749920683,2025-06-14 14:04:43,15.1
1749920741,2025-06-14 14:05:41,15.57
1749920803,2025-06-14 14:06:43,15.3
1749920861,2025-06-14 14:07:41,15.42
1749920921,2025-06-14 14:08:41,14.79
1749920980,2025-06-14 14:09:40,15.37
1749921038,2025-06-14 14:10:38,14.34
1749921093,2025-06-14 14:11:33,15.04
1749921157,2025-06-14 14:12:37,14.63
1749921219,2025-06-14 14:13:39,14.21
1749921281,2025-06-14 14:14:41,14.81
1749921341,2025-06-14 14:15:41,14.98
1749921405,2025-06-14 14:16:45,14.32
1749921461,2025-06-14 14:17:41,14.86
1749921520,2025-06-14 14:18:40,14.75
1749921576,2025-06-14 14:19:36,14.47
1749921641,2025-06-14 14:20:41,14.64
1749921699,2025-06-14 14:21:39,14.68
1749921757,2025-06-14 14:22:37,14.92
1749921816,2025-06-14 14:23:36,22.73
1749921877,2025-06-14 14:24:37,15.42
1749921938,2025-06-14 14:25:38,15.32
1749921998,2025-06-14 14:26:38,15.48
1749922056,2025-06-14 14:27:36,15.07
1749922115,2025-06-14 14:28:35,14.75
1749922176,2025-06-14 14:29:36,14.73
1749922239,2025-06-14 14:30:39,15.15
1749922299,2025-06-14 14:31:39,14.99
1749922367,2025-06-14 14:32:47,15.17
1749922429,2025-06-14 14:33:49,15.67
1749922489,2025-06-14 14:34:49,14.39
1749922547,2025-06-14 14:35:47,15.01
1749922606,2025-06-14 14:36:46,14.83
1749922668,2025-06-14 14:37:48,14.74
1749922728,2025-06-14 14:38:48,14.41
1749922787,2025-06-14 14:39:47,14.58
1749922847,2025-06-14 14:40:47,14.72
1749922907,2025-06-14 14:41:47,14.55
1749922971,2025-06-14 14:42:51,15.02
1749923029,2025-06-14 14:43:49,14.92
1749923087,2025-06-14 14:44:47,14.97
1749923145,2025-06-14 14:45:45,14.73
1749923204,2025-06-14 14:46:44,14.51
1749923267,2025-06-14 14:47:47,14.67
1749923328,2025-06-14 14:48:48,14.98
1749923390,2025-06-14 14:49:50,14.84
1749923453,2025-06-14 14:50:53,14.91
1749923517,2025-06-14 14:51:57,14.89
1749923572,2025-06-14 14:52:52,14.47
1749923632,2025-06-14 14:53:52,14.43
1749923692,2025-06-14 14:54:52,14.59
1749923753,2025-06-14 14:55:53,14.34
1749923813,2025-06-14 14:56:53,14.85
1749923873,2025-06-14 14:57:53,15.0
1749923940,2025-06-14 14:59:00,15.62
1749923998,2025-06-14 14:59:58,15.43
1749924058,2025-06-14 15:00:58,15.18
1749924114,2025-06-14 15:01:54,15.12
1749924173,2025-06-14 15:02:53,14.83
1749924236,2025-06-14 15:03:56,15.56
1749924295,2025-06-14 15:04:55,15.2
1749924354,2025-06-14 15:05:54,15.25
1749924412,2025-06-14 15:06:52,15.26
1749924472,2025-06-14 15:07:52,15.04
1749924533,2025-06-14 15:08:53,15.31
1749924594,2025-06-14 15:09:54,15.38
1749924650,2025-06-14 15:10:50,15.21
1749924708,2025-06-14 15:11:48,15.66
1749924766,2025-06-14 15:12:46,14.92
1749924821,2025-06-14 15:13:41,14.51
1749924875,2025-06-14 15:14:35,14.95
1749924932,2025-06-14 15:15:32,14.99
1749924995,2025-06-14 15:16:35,15.13
1749925055,2025-06-14 15:17:35,15.25
1749925115,2025-06-14 15:18:35,15.11
1749925173,2025-06-14 15:19:33,14.99
1749925229,2025-06-14 15:20:29,14.65
1749925292,2025-06-14 15:21:32,14.78
1749925350,2025-06-14 15:22:30,14.34
1749925412,2025-06-14 15:23:32,14.79
1749925474,2025-06-14 15:24:34,14.41
1749925536,2025-06-14 15:25:36,14.83
1749925593,2025-06-14 15:26:33,14.87
1749925653,2025-06-14 15:27:33,14.31
1749925709,2025-06-14 15:28:29,14.62
1749925770,2025-06-14 15:29:30,14.68
1749925828,2025-06-14 15:30:28,14.55
1749925888,2025-06-14 15:31:28,15.11
1749925946,2025-06-14 15:32:26,14.24
1749926005,2025-06-14 15:33:25,14.61
1749926064,2025-06-14 15:34:24,14.09
1749926123,2025-06-14 15:35:23,14.83
1749926184,2025-06-14 15:36:24,14.7
1749926242,2025-06-14 15:37:22,14.1
1749926301,2025-06-14 15:38:21,14.65
1749926360,2025-06-14 15:39:20,14.68
1749926421,2025-06-14 15:40:21,14.11
1749926479,2025-06-14 15:41:19,14.25
1749926537,2025-06-14 15:42:17,13.85
1749926600,2025-06-14 15:43:20,13.96
1749926660,2025-06-14 15:44:20,13.99
1749926715,2025-06-14 15:45:15,13.8
1749926773,2025-06-14 15:46:13,13.99
1749926834,2025-06-14 15:47:14,14.41
1749926900,2025-06-14 15:48:20,13.85
1749926956,2025-06-14 15:49:16,13.89
1749927015,2025-06-14 15:50:15,13.8
1749927073,2025-06-14 15:51:13,13.91
1749927136,2025-06-14 15:52:16,14.16
1749927196,2025-06-14 15:53:16,16.04
1749927260,2025-06-14 15:54:20,14.28
1749927319,2025-06-14 15:55:19,13.9
1749927380,2025-06-14 15:56:20,14.1
1749927440,2025-06-14 15:57:20,14.0
1749927498,2025-06-14 15:58:18,13.57
1749927556,2025-06-14 15:59:16,13.99
1749927616,2025-06-14 16:00:16,13.54
1749927679,2025-06-14 16:01:19,13.87
1749927740,2025-06-14 16:02:20,14.06
1749927802,2025-06-14 16:03:22,13.69
1749927862,2025-06-14 16:04:22,14.21
1749927922,2025-06-14 16:05:22,13.7
1749927984,2025-06-14 16:06:24,13.87
1749928043,2025-06-14 16:07:23,13.79
1749928105,2025-06-14 16:08:25,13.29
1749928170,2025-06-14 16:09:30,13.4
1749928232,2025-06-14 16:10:32,13.52
1749928291,2025-06-14 16:11:31,13.45
1749928348,2025-06-14 16:12:28,12.99
1749928406,2025-06-14 16:13:26,12.55
1749928468,2025-06-14 16:14:28,13.07
1749928530,2025-06-14 16:15:30,13.43
1749928587,2025-06-14 16:16:27,13.3
1749928647,2025-06-14 16:17:27,12.22
1749928709,2025-06-14 16:18:29,12.64
1749928774,2025-06-14 16:19:34,12.64
1749928836,2025-06-14 16:20:36,12.16
1749928899,2025-06-14 16:21:39,11.85
1749928962,2025-06-14 16:22:42,12.17
1749929025,2025-06-14 16:23:45,12.48
1749929086,2025-06-14 16:24:46,11.95
1749929144,2025-06-14 16:25:44,12.6
1749929199,2025-06-14 16:26:39,12.91
1749929263,2025-06-14 16:27:43,12.95
1749929318,2025-06-14 16:28:38,13.23
1749929377,2025-06-14 16:29:37,12.91
1749929437,2025-06-14 16:30:37,12.95
1749929496,2025-06-14 16:31:36,13.0
1749929552,2025-06-14 16:32:32,12.75
1749929613,2025-06-14 16:33:33,12.72
1749929671,2025-06-14 16:34:31,12.78
1749929728,2025-06-14 16:35:28,12.48
1749929784,2025-06-14 16:36:24,12.66
1749929840,2025-06-14 16:37:20,12.4
1749929898,2025-06-14 16:38:18,12.66
1749929960,2025-06-14 16:39:20,12.51
1749930020,2025-06-14 16:40:20,12.39
1749930077,2025-06-14 16:41:17,12.52
1749930138,2025-06-14 16:42:18,12.37
1749930195,2025-06-14 16:43:15,12.68
1749930251,2025-06-14 16:44:11,13.32
1749930311,2025-06-14 16:45:11,12.87
1749930377,2025-06-14 16:46:17,12.88
1749930436,2025-06-14 16:47:16,12.74
1749930493,2025-06-14 16:48:13,12.93
1749930554,2025-06-14 16:49:14,12.79
1749930615,2025-06-14 16:50:15,12.82
1749930676,2025-06-14 16:51:16,12.58
1749930738,2025-06-14 16:52:18,12.38
1749930793,2025-06-14 16:53:13,12.68
1749930857,2025-06-14 16:54:17,12.47
1749930912,2025-06-14 16:55:12,12.65
1749930972,2025-06-14 16:56:12,12.75
1749931034,2025-06-14 16:57:14,12.89
1749931096,2025-06-14 16:58:16,12.43
1749931155,2025-06-14 16:59:15,12.91
1749931213,2025-06-14 17:00:13,12.3
1749931273,2025-06-14 17:01:13,12.16
1749931329,2025-06-14 17:02:09,12.28
1749931389,2025-06-14 17:03:09,12.42
1749931452,2025-06-14 17:04:12,12.49
1749931511,2025-06-14 17:05:11,12.96
1749931570,2025-06-14 17:06:10,14.66
1749931626,2025-06-14 17:07:06,14.18
1749931685,2025-06-14 17:08:05,14.49
1749931750,2025-06-14 17:09:10,14.75
1749931812,2025-06-14 17:10:12,14.07
1749931870,2025-06-14 17:11:10,14.31
1749931928,2025-06-14 17:12:08,14.96
1749931985,2025-06-14 17:13:05,14.34
1749932045,2025-06-14 17:14:05,14.43
1749932105,2025-06-14 17:15:05,14.47
1749932166,2025-06-14 17:16:06,14.41
1749932231,2025-06-14 17:17:11,14.53
1749932293,2025-06-14 17:18:13,14.48
1749932353,2025-06-14 17:19:13,14.97
1749932411,2025-06-14 17:20:11,15.08
1749932472,2025-06-14 17:21:12,15.06
1749932534,2025-06-14 17:22:14,15.23
1749932595,2025-06-14 17:23:15,15.08
1749932654,2025-06-14 17:24:14,14.79
1749932717,2025-06-14 17:25:17,14.86
1749932780,2025-06-14 17:26:20,14.98
1749932843,2025-06-14 17:27:23,14.96
1749932903,2025-06-14 17:28:23,15.29
1749932963,2025-06-14 17:29:23,15.48
1749933023,2025-06-14 17:30:23,14.94
1749933080,2025-06-14 17:31:20,14.66
1749933142,2025-06-14 17:32:22,15.03
1749933203,2025-06-14 17:33:23,15.25
1749933262,2025-06-14 17:34:22,15.29
1749933321,2025-06-14 17:35:21,16.33
1749933381,2025-06-14 17:36:21,17.93
1749933443,2025-06-14 17:37:23,14.87
1749933505,2025-06-14 17:38:25,15.1
1749933565,2025-06-14 17:39:25,15.21
1749933627,2025-06-14 17:40:27,15.18
1749933686,2025-06-14 17:41:26,14.59
1749933749,2025-06-14 17:42:29,15.16
1749933809,2025-06-14 17:43:29,15.27
1749933864,2025-06-14 17:44:24,15.01
1749933928,2025-06-14 17:45:28,14.88
1749933991,2025-06-14 17:46:31,14.8
1749934053,2025-06-14 17:47:33,14.97
1749934118,2025-06-14 17:48:38,14.79
1749934179,2025-06-14 17:49:39,14.92
1749934239,2025-06-14 17:50:39,14.64
1749934302,2025-06-14 17:51:42,14.74
1749934363,2025-06-14 17:52:43,14.23
1749934422,2025-06-14 17:53:42,14.46
1749934479,2025-06-14 17:54:39,14.56
1749934533,2025-06-14 17:55:33,14.71
1749934593,2025-06-14 17:56:33,14.73
1749934657,2025-06-14 17:57:37,14.89
1749934716,2025-06-14 17:58:36,15.25
1749934775,2025-06-14 17:59:35,14.93
1749934832,2025-06-14 18:00:32,14.98
1749934893,2025-06-14 18:01:33,15.36
1749934953,2025-06-14 18:02:33,16.73
1749935016,2025-06-14 18:03:36,15.41
1749935078,2025-06-14 18:04:38,15.58
1749935140,2025-06-14 18:05:40,15.19
1749935200,2025-06-14 18:06:40,15.33
1749935259,2025-06-14 18:07:39,15.53
1749935318,2025-06-14 18:08:38,15.83
1749935380,2025-06-14 18:09:40,15.59
1749935435,2025-06-14 18:10:35,15.59
1749935497,2025-06-14 18:11:37,15.31
1749935557,2025-06-14 18:12:37,15.18
1749935620,2025-06-14 18:13:40,15.3
1749935682,2025-06-14 18:14:42,15.22
1749935744,2025-06-14 18:15:44,15.41
1749935807,2025-06-14 18:16:47,15.16
1749935867,2025-06-14 18:17:47,15.48
1749935931,2025-06-14 18:18:51,15.59
1749935994,2025-06-14 18:19:54,15.55
1749936054,2025-06-14 18:20:54,14.95
1749936110,2025-06-14 18:21:50,15.5
1749936167,2025-06-14 18:22:47,15.5
1749936227,2025-06-14 18:23:47,15.58
1749936284,2025-06-14 18:24:44,16.02
1749936348,2025-06-14 18:25:48,17.44
1749936407,2025-06-14 18:26:47,15.6
1749936468,2025-06-14 18:27:48,15.58
1749936528,2025-06-14 18:28:48,15.55
1749936588,2025-06-14 18:29:48,16.02
1749936649,2025-06-14 18:30:49,16.22
1749936709,2025-06-14 18:31:49,16.15
1749936769,2025-06-14 18:32:49,16.16
1749936830,2025-06-14 18:33:50,16.32
1749936889,2025-06-14 18:34:49,16.59
1749936949,2025-06-14 18:35:49,16.14
1749937005,2025-06-14 18:36:45,15.88
1749937066,2025-06-14 18:37:46,15.78
1749937123,2025-06-14 18:38:43,16.78
1749937186,2025-06-14 18:39:46,16.01
1749937246,2025-06-14 18:40:46,15.91
1749937303,2025-06-14 18:41:43,16.41
1749937362,2025-06-14 18:42:42,16.02
1749937422,2025-06-14 18:43:42,16.26
1749937483,2025-06-14 18:44:43,16.26
1749937543,2025-06-14 18:45:43,15.87
1749937600,2025-06-14 18:46:40,16.06
1749937666,2025-06-14 18:47:46,15.87
1749937725,2025-06-14 18:48:45,16.34
1749937782,2025-06-14 18:49:42,16.1
1749937843,2025-06-14 18:50:43,15.5
1749937902,2025-06-14 18:51:42,15.74
1749937961,2025-06-14 18:52:41,15.5
1749938027,2025-06-14 18:53:47,16.01
1749938085,2025-06-14 18:54:45,15.74
1749938143,2025-06-14 18:55:43,16.0
1749938202,2025-06-14 18:56:42,15.67
1749938266,2025-06-14 18:57:46,16.08
1749938323,2025-06-14 18:58:43,16.32
1749938383,2025-06-14 18:59:43,15.9
1749938438,2025-06-14 19:00:38,32.52
1749938498,2025-06-14 19:01:38,16.02
1749938555,2025-06-14 19:02:35,15.96
1749938613,2025-06-14 19:03:33,15.62
1749938671,2025-06-14 19:04:31,16.1
1749938731,2025-06-14 19:05:31,15.49
1749938796,2025-06-14 19:06:36,15.47
1749938856,2025-06-14 19:07:36,15.51
1749938916,2025-06-14 19:08:36,15.62
1749938972,2025-06-14 19:09:32,15.61
1749939034,2025-06-14 19:10:34,15.28
1749939097,2025-06-14 19:11:37,15.56
1749939154,2025-06-14 19:12:34,15.51
1749939213,2025-06-14 19:13:33,15.77
1749939270,2025-06-14 19:14:30,15.44
1749939330,2025-06-14 19:15:30,15.99
1749939393,2025-06-14 19:16:33,15.49
1749939449,2025-06-14 19:17:29,15.67
1749939514,2025-06-14 19:18:34,15.65
1749939573,2025-06-14 19:19:33,15.86
1749939635,2025-06-14 19:20:35,15.69
1749939695,2025-06-14 19:21:35,15.82
1749939758,2025-06-14 19:22:38,15.5
1749939817,2025-06-14 19:23:37,16.4
1749939877,2025-06-14 19:24:37,15.95
1749939938,2025-06-14 19:25:38,15.95
1749939995,2025-06-14 19:26:35,15.64
1749940059,2025-06-14 19:27:39,15.53
1749940116,2025-06-14 19:28:36,15.88
1749940174,2025-06-14 19:29:34,15.94
1749940236,2025-06-14 19:30:36,16.03
1749940294,2025-06-14 19:31:34,15.91
1749940351,2025-06-14 19:32:31,15.61
1749940413,2025-06-14 19:33:33,16.37
1749940475,2025-06-14 19:34:35,15.94
1749940532,2025-06-14 19:35:32,15.85
1749940593,2025-06-14 19:36:33,15.86
1749940652,2025-06-14 19:37:32,15.99
1749940715,2025-06-14 19:38:35,16.18
1749940776,2025-06-14 19:39:36,14.72
1749940838,2025-06-14 19:40:38,14.87
1749940899,2025-06-14 19:41:39,14.49
1749940957,2025-06-14 19:42:37,14.43
1749941013,2025-06-14 19:43:33,15.64
1749941074,2025-06-14 19:44:34,14.97
1749941135,2025-06-14 19:45:35,14.96
1749941191,2025-06-14 19:46:31,14.98
1749941250,2025-06-14 19:47:30,18.52
1749941311,2025-06-14 19:48:31,29.08
1749941372,2025-06-14 19:49:32,15.12
1749941434,2025-06-14 19:50:34,14.78
1749941496,2025-06-14 19:51:36,15.16
1749941558,2025-06-14 19:52:38,14.65
1749941618,2025-06-14 19:53:38,15.4
1749941679,2025-06-14 19:54:39,14.84
1749941733,2025-06-14 19:55:33,15.82
1749941789,2025-06-14 19:56:29,15.54
1749941846,2025-06-14 19:57:26,15.62
1749941902,2025-06-14 19:58:22,14.61
1749941961,2025-06-14 19:59:21,14.44
1749942023,2025-06-14 20:00:23,14.77
1749942081,2025-06-14 20:01:21,14.83
1749942142,2025-06-14 20:02:22,15.19
1749942198,2025-06-14 20:03:18,14.8
1749942258,2025-06-14 20:04:18,15.72
1749942322,2025-06-14 20:05:22,15.19
1749942381,2025-06-14 20:06:21,15.17
1749942443,2025-06-14 20:07:23,16.69
1749942500,2025-06-14 20:08:20,14.3
1749942563,2025-06-14 20:09:23,15.11
1749942624,2025-06-14 20:10:24,14.89
1749942684,2025-06-14 20:11:24,15.25
1749942745,2025-06-14 20:12:25,15.51
1749942805,2025-06-14 20:13:25,15.39
1749942866,2025-06-14 20:14:26,15.31
1749942924,2025-06-14 20:15:24,15.02
1749942986,2025-06-14 20:16:26,34.74
1749943050,2025-06-14 20:17:30,15.78
1749943112,2025-06-14 20:18:32,15.55
1749943173,2025-06-14 20:19:33,15.3
1749943233,2025-06-14 20:20:33,15.63
1749943292,2025-06-14 20:21:32,15.14
1749943348,2025-06-14 20:22:28,15.25
1749943416,2025-06-14 20:23:36,15.67
1749943474,2025-06-14 20:24:34,240.14
1749943475,2025-06-14 20:24:35,15.64
1749943533,2025-06-14 20:25:33,15.24
1749943536,2025-06-14 20:25:36,15.32
1749943595,2025-06-14 20:26:35,15.26
1749943598,2025-06-14 20:26:38,15.61
1749943654,2025-06-14 20:27:34,15.85
1749943660,2025-06-14 20:27:40,15.56
1749943710,2025-06-14 20:28:30,15.58
1749943720,2025-06-14 20:28:40,15.6
1749943767,2025-06-14 20:29:27,16.12
1749943777,2025-06-14 20:29:37,15.37
1749943822,2025-06-14 20:30:22,15.74
1749943831,2025-06-14 20:30:31,15.72
1749943885,2025-06-14 20:31:25,15.32
1749943889,2025-06-14 20:31:29,15.52
1749943941,2025-06-14 20:32:21,14.93
1749943952,2025-06-14 20:32:32,14.62
1749943997,2025-06-14 20:33:17,14.35
1749944012,2025-06-14 20:33:32,14.48
1749944055,2025-06-14 20:34:15,15.04
1749944068,2025-06-14 20:34:28,14.51
1749944117,2025-06-14 20:35:17,14.04
1749944127,2025-06-14 20:35:27,14.26
1749944181,2025-06-14 20:36:21,14.45
1749944185,2025-06-14 20:36:25,14.37
1749944241,2025-06-14 20:37:21,14.07
1749944244,2025-06-14 20:37:24,14.38
1749944302,2025-06-14 20:38:22,14.2
1749944307,2025-06-14 20:38:27,14.1
1749944357,2025-06-14 20:39:17,14.49
1749944367,2025-06-14 20:39:27,14.65
1749944413,2025-06-14 20:40:13,14.13
1749944430,2025-06-14 20:40:30,14.26
1749944477,2025-06-14 20:41:17,14.12
1749944491,2025-06-14 20:41:31,14.45
1749944534,2025-06-14 20:42:14,14.23
1749944551,2025-06-14 20:42:31,14.4
1749944596,2025-06-14 20:43:16,14.25
1749944609,2025-06-14 20:43:29,14.27
1749944652,2025-06-14 20:44:12,14.69
1749944666,2025-06-14 20:44:26,14.75
1749944718,2025-06-14 20:45:18,14.4
1749944727,2025-06-14 20:45:27,14.87
1749944776,2025-06-14 20:46:16,14.77
1749944788,2025-06-14 20:46:28,14.24
1749944841,2025-06-14 20:47:21,14.51
1749944852,2025-06-14 20:47:32,14.49
1749944899,2025-06-14 20:48:19,14.75
1749944911,2025-06-14 20:48:31,14.91
1749944951,2025-06-14 20:49:11,14.31
1749944968,2025-06-14 20:49:28,14.36
1749945009,2025-06-14 20:50:09,14.42
1749945027,2025-06-14 20:50:27,14.13
1749945068,2025-06-14 20:51:08,14.37
1749945089,2025-06-14 20:51:29,14.28
1749945154,2025-06-14 20:52:34,14.89
1749945216,2025-06-14 20:53:36,14.98
1749945276,2025-06-14 20:54:36,14.62
1749945339,2025-06-14 20:55:39,14.41
1749945397,2025-06-14 20:56:37,14.74
1749945459,2025-06-14 20:57:39,14.37
1749945519,2025-06-14 20:58:39,14.46
1749945578,2025-06-14 20:59:38,14.63
1749945635,2025-06-14 21:00:35,14.47
1749945691,2025-06-14 21:01:31,14.29
1749945750,2025-06-14 21:02:30,14.52
1749945811,2025-06-14 21:03:31,14.48
1749945870,2025-06-14 21:04:30,14.66
1749945930,2025-06-14 21:05:30,14.4
1749945991,2025-06-14 21:06:31,14.52
1749946049,2025-06-14 21:07:29,14.33
1749946115,2025-06-14 21:08:35,14.49
1749946177,2025-06-14 21:09:37,14.59
1749946236,2025-06-14 21:10:36,14.63
1749946299,2025-06-14 21:11:39,14.52
1749946357,2025-06-14 21:12:37,14.47
1749946412,2025-06-14 21:13:32,14.56
1749946474,2025-06-14 21:14:34,15.04
1749946533,2025-06-14 21:15:33,14.65
1749946593,2025-06-14 21:16:33,14.95
1749946651,2025-06-14 21:17:31,14.62
1749946711,2025-06-14 21:18:31,14.86
1749946767,2025-06-14 21:19:27,14.88
1749946826,2025-06-14 21:20:26,14.54
1749946888,2025-06-14 21:21:28,14.53
1749946948,2025-06-14 21:22:28,15.2
1749947004,2025-06-14 21:23:24,14.78
1749947063,2025-06-14 21:24:23,14.3
1749947119,2025-06-14 21:25:19,14.76
1749947182,2025-06-14 21:26:22,16.35
1749947243,2025-06-14 21:27:23,16.17
1749947302,2025-06-14 21:28:22,17.55
1749947367,2025-06-14 21:29:27,19.39
1749947422,2025-06-14 21:30:22,19.12
1749947476,2025-06-14 21:31:16,18.76
1749947536,2025-06-14 21:32:16,19.28
1749947594,2025-06-14 21:33:14,19.64
1749947658,2025-06-14 21:34:18,19.73
1749947713,2025-06-14 21:35:13,19.48
1749947774,2025-06-14 21:36:14,19.93
1749947836,2025-06-14 21:37:16,18.84
1749947898,2025-06-14 21:38:18,19.04
1749947955,2025-06-14 21:39:15,19.61
1749948011,2025-06-14 21:40:11,19.1
1749948073,2025-06-14 21:41:13,18.83
1749948133,2025-06-14 21:42:13,19.57
1749948195,2025-06-14 21:43:15,19.01
1749948254,2025-06-14 21:44:14,19.53
1749948317,2025-06-14 21:45:17,19.5
1749948374,2025-06-14 21:46:14,18.94
1749948435,2025-06-14 21:47:15,18.98
1749948498,2025-06-14 21:48:18,19.2
1749948557,2025-06-14 21:49:17,19.09
1749948612,2025-06-14 21:50:12,19.62
1749948669,2025-06-14 21:51:09,18.98
1749948732,2025-06-14 21:52:12,19.0
1749948790,2025-06-14 21:53:10,18.84
1749948846,2025-06-14 21:54:06,19.33
1749948905,2025-06-14 21:55:05,19.2
1749948966,2025-06-14 21:56:06,18.88
1749949028,2025-06-14 21:57:08,18.88
1749949089,2025-06-14 21:58:09,19.15
1749949150,2025-06-14 21:59:10,19.12
1749949210,2025-06-14 22:00:10,18.62
1749949272,2025-06-14 22:01:12,18.09
1749949329,2025-06-14 22:02:09,18.03
1749949388,2025-06-14 22:03:08,16.62
1749949448,2025-06-14 22:04:08,15.62
1749949509,2025-06-14 22:05:09,15.36
1749949567,2025-06-14 22:06:07,15.48
1749949627,2025-06-14 22:07:07,15.71
1749949689,2025-06-14 22:08:09,15.0
1749949752,2025-06-14 22:09:12,15.37
1749949809,2025-06-14 22:10:09,15.29
1749949869,2025-06-14 22:11:09,15.31
1749949927,2025-06-14 22:12:07,25.0
1749949986,2025-06-14 22:13:06,15.39
1749950045,2025-06-14 22:14:05,15.25
1749950108,2025-06-14 22:15:08,17.56
1749950169,2025-06-14 22:16:09,15.57
1749950224,2025-06-14 22:17:04,15.5
1749950285,2025-06-14 22:18:05,15.18
1749950346,2025-06-14 22:19:06,15.84
1749950409,2025-06-14 22:20:09,15.11
1749950472,2025-06-14 22:21:12,16.0
1749950533,2025-06-14 22:22:13,15.34
1749950595,2025-06-14 22:23:15,15.2
1749950654,2025-06-14 22:24:14,15.48
1749950714,2025-06-14 22:25:14,15.11
1749950772,2025-06-14 22:26:12,15.58
1749950833,2025-06-14 22:27:13,15.04
1749950893,2025-06-14 22:28:13,15.75
1749950954,2025-06-14 22:29:14,14.68
1749951015,2025-06-14 22:30:15,15.26
1749951075,2025-06-14 22:31:15,14.96
1749951133,2025-06-14 22:32:13,15.01
1749951193,2025-06-14 22:33:13,14.63
1749951255,2025-06-14 22:34:15,14.92
1749951315,2025-06-14 22:35:15,15.18
1749951376,2025-06-14 22:36:16,16.13
1749951432,2025-06-14 22:37:12,15.09
1749951492,2025-06-14 22:38:12,14.77
1749951552,2025-06-14 22:39:12,14.22
1749951609,2025-06-14 22:40:09,16.76
1749951665,2025-06-14 22:41:05,14.15
1749951727,2025-06-14 22:42:07,14.61
1749951784,2025-06-14 22:43:04,14.14
1749951844,2025-06-14 22:44:04,14.48
1749951905,2025-06-14 22:45:05,14.17
1749951968,2025-06-14 22:46:08,14.22
1749952022,2025-06-14 22:47:02,14.39
1749952084,2025-06-14 22:48:04,14.09
1749952150,2025-06-14 22:49:10,14.45
1749952210,2025-06-14 22:50:10,13.7
1749952271,2025-06-14 22:51:11,13.83
1749952334,2025-06-14 22:52:14,14.1
1749952391,2025-06-14 22:53:11,13.96
1749952448,2025-06-14 22:54:08,14.21
1749952509,2025-06-14 22:55:09,13.97
1749952570,2025-06-14 22:56:10,14.66
1749952630,2025-06-14 22:57:10,13.96
1749952686,2025-06-14 22:58:06,15.07
1749952749,2025-06-14 22:59:09,14.5
1749952812,2025-06-14 23:00:12,13.89
1749952872,2025-06-14 23:01:12,14.16
1749952934,2025-06-14 23:02:14,13.83
1749952991,2025-06-14 23:03:11,13.88
1749953049,2025-06-14 23:04:09,14.18
1749953112,2025-06-14 23:05:12,13.83
1749953173,2025-06-14 23:06:13,13.5
1749953234,2025-06-14 23:07:14,13.8
1749953290,2025-06-14 23:08:10,19.49
1749953352,2025-06-14 23:09:12,13.69
1749953412,2025-06-14 23:10:12,13.69
1749953471,2025-06-14 23:11:11,13.74
1749953528,2025-06-14 23:12:08,14.74
1749953590,2025-06-14 23:13:10,14.23
1749953649,2025-06-14 23:14:09,15.2
1749953712,2025-06-14 23:15:12,14.84
1749953776,2025-06-14 23:16:16,14.29
1749953838,2025-06-14 23:17:18,14.45
1749953901,2025-06-14 23:18:21,14.3
1749953960,2025-06-14 23:19:20,14.27
1749954019,2025-06-14 23:20:19,14.59
1749954073,2025-06-14 23:21:13,14.79
1749954132,2025-06-14 23:22:12,14.1
1749954196,2025-06-14 23:23:16,14.18
1749954257,2025-06-14 23:24:17,14.29
1749954317,2025-06-14 23:25:17,14.52
1749954382,2025-06-14 23:26:22,14.15
1749954443,2025-06-14 23:27:23,14.16
1749954502,2025-06-14 23:28:22,13.99
1749954562,2025-06-14 23:29:22,14.38
1749954622,2025-06-14 23:30:22,14.49
1749954681,2025-06-14 23:31:21,14.52
1749954741,2025-06-14 23:32:21,14.28
1749954800,2025-06-14 23:33:20,14.39
1749954858,2025-06-14 23:34:18,14.75
1749954921,2025-06-14 23:35:21,14.18
1749954981,2025-06-14 23:36:21,14.22
1749955038,2025-06-14 23:37:18,14.2
1749955099,2025-06-14 23:38:19,14.28
1749955166,2025-06-14 23:39:26,14.53
1749955220,2025-06-14 23:40:20,14.72
1749955283,2025-06-14 23:41:23,14.54
1749955338,2025-06-14 23:42:18,14.02
1749955397,2025-06-14 23:43:17,14.49
1749955456,2025-06-14 23:44:16,13.93
1749955515,2025-06-14 23:45:15,14.24
1749955580,2025-06-14 23:46:20,15.96
1749955641,2025-06-14 23:47:21,15.78
1749955699,2025-06-14 23:48:19,14.13
1749955758,2025-06-14 23:49:18,14.68
1749955818,2025-06-14 23:50:18,13.76
1749955874,2025-06-14 23:51:14,13.74
1749955937,2025-06-14 23:52:17,13.98
1749955995,2025-06-14 23:53:15,13.92
1749956054,2025-06-14 23:54:14,14.22
1749956114,2025-06-14 23:55:14,14.07
1749956170,2025-06-14 23:56:10,14.96
1749956229,2025-06-14 23:57:09,13.85
1749956289,2025-06-14 23:58:09,13.73
1749956346,2025-06-14 23:59:06,14.31
1749956410,2025-06-15 00:00:10,13.6
1749956471,2025-06-15 00:01:11,13.95
1749956530,2025-06-15 00:02:10,13.79
1749956590,2025-06-15 00:03:10,13.25
1749956649,2025-06-15 00:04:09,14.04
1749956707,2025-06-15 00:05:07,14.31
1749956767,2025-06-15 00:06:07,15.07
1749956827,2025-06-15 00:07:07,14.34
1749956889,2025-06-15 00:08:09,15.51
1749956949,2025-06-15 00:09:09,14.66
1749957010,2025-06-15 00:10:10,14.84
1749957069,2025-06-15 00:11:09,14.42
1749957131,2025-06-15 00:12:11,14.04
1749957193,2025-06-15 00:13:13,14.75
1749957251,2025-06-15 00:14:11,14.3
1749957310,2025-06-15 00:15:10,14.36
1749957366,2025-06-15 00:16:06,14.07
1749957429,2025-06-15 00:17:09,14.24
1749957489,2025-06-15 00:18:09,14.68
1749957554,2025-06-15 00:19:14,24.35
1749957615,2025-06-15 00:20:15,14.18
1749957675,2025-06-15 00:21:15,14.02
1749957739,2025-06-15 00:22:19,14.21
1749957802,2025-06-15 00:23:22,14.77
1749957856,2025-06-15 00:24:16,14.83
1749957918,2025-06-15 00:25:18,14.36
1749957980,2025-06-15 00:26:20,14.32
1749958036,2025-06-15 00:27:16,14.08
1749958093,2025-06-15 00:28:13,14.35
1749958155,2025-06-15 00:29:15,14.64
1749958216,2025-06-15 00:30:16,14.52
1749958274,2025-06-15 00:31:14,14.24
1749958332,2025-06-15 00:32:12,14.4
1749958392,2025-06-15 00:33:12,14.52
1749958455,2025-06-15 00:34:15,14.68
1749958518,2025-06-15 00:35:18,15.8
1749958578,2025-06-15 00:36:18,20.36
1749958637,2025-06-15 00:37:17,20.09
1749958698,2025-06-15 00:38:18,20.32
1749958756,2025-06-15 00:39:16,20.51
1749958813,2025-06-15 00:40:13,21.19
1749958874,2025-06-15 00:41:14,20.8
1749958939,2025-06-15 00:42:19,20.56
1749958998,2025-06-15 00:43:18,20.34
1749959056,2025-06-15 00:44:16,21.5
1749959115,2025-06-15 00:45:15,20.72
1749959173,2025-06-15 00:46:13,20.47
1749959228,2025-06-15 00:47:08,20.76
1749959288,2025-06-15 00:48:08,20.84
1749959346,2025-06-15 00:49:06,20.57
1749959400,2025-06-15 00:50:00,20.23
1749959458,2025-06-15 00:50:58,17.86
1749959518,2025-06-15 00:51:58,14.21
1749959579,2025-06-15 00:52:59,14.36
1749959637,2025-06-15 00:53:57,15.31
1749959692,2025-06-15 00:54:52,14.24
1749959754,2025-06-15 00:55:54,14.18
1749959813,2025-06-15 00:56:53,14.18
1749959872,2025-06-15 00:57:52,16.73
1749959932,2025-06-15 00:58:52,22.35
1749959989,2025-06-15 00:59:49,14.72
1749960053,2025-06-15 01:00:53,14.62
1749960112,2025-06-15 01:01:52,14.7
1749960174,2025-06-15 01:02:54,14.94
1749960234,2025-06-15 01:03:54,15.39
1749960294,2025-06-15 01:04:54,14.58
1749960354,2025-06-15 01:05:54,14.76
1749960413,2025-06-15 01:06:53,15.18
1749960475,2025-06-15 01:07:55,14.64
1749960536,2025-06-15 01:08:56,15.44
1749960598,2025-06-15 01:09:58,14.69
1749960654,2025-06-15 01:10:54,15.44
1749960715,2025-06-15 01:11:55,15.16
1749960770,2025-06-15 01:12:50,15.08
1749960830,2025-06-15 01:13:50,14.55
1749960892,2025-06-15 01:14:52,14.69
1749960951,2025-06-15 01:15:51,14.67
1749961008,2025-06-15 01:16:48,15.18
1749961069,2025-06-15 01:17:49,15.38
1749961128,2025-06-15 01:18:48,14.91
1749961182,2025-06-15 01:19:42,14.47
1749961242,2025-06-15 01:20:42,14.43
1749961301,2025-06-15 01:21:41,15.03
1749961359,2025-06-15 01:22:39,15.62
1749961421,2025-06-15 01:23:41,15.21
1749961478,2025-06-15 01:24:38,14.61
1749961539,2025-06-15 01:25:39,15.02
1749961600,2025-06-15 01:26:40,14.88
1749961660,2025-06-15 01:27:40,15.5
1749961719,2025-06-15 01:28:39,15.68
1749961778,2025-06-15 01:29:38,15.02
1749961839,2025-06-15 01:30:39,14.53
1749961901,2025-06-15 01:31:41,14.86
1749961960,2025-06-15 01:32:40,14.55
1749962021,2025-06-15 01:33:41,14.85
1749962075,2025-06-15 01:34:35,17.3
1749962137,2025-06-15 01:35:37,14.71
1749962198,2025-06-15 01:36:38,14.9
1749962261,2025-06-15 01:37:41,14.75
1749962322,2025-06-15 01:38:42,15.03
1749962381,2025-06-15 01:39:41,15.38
1749962441,2025-06-15 01:40:41,14.51
1749962501,2025-06-15 01:41:41,15.17
1749962561,2025-06-15 01:42:41,14.93
1749962625,2025-06-15 01:43:45,15.21
1749962681,2025-06-15 01:44:41,14.67
1749962740,2025-06-15 01:45:40,14.94
1749962798,2025-06-15 01:46:38,14.77
1749962858,2025-06-15 01:47:38,15.32
1749962913,2025-06-15 01:48:33,14.91
1749962975,2025-06-15 01:49:35,14.57
1749963033,2025-06-15 01:50:33,14.46
1749963094,2025-06-15 01:51:34,14.29
1749963155,2025-06-15 01:52:35,14.51
1749963214,2025-06-15 01:53:34,14.61
1749963272,2025-06-15 01:54:32,14.6
1749963332,2025-06-15 01:55:32,14.61
1749963393,2025-06-15 01:56:33,14.36
1749963458,2025-06-15 01:57:38,14.64
1749963515,2025-06-15 01:58:35,15.1
1749963577,2025-06-15 01:59:37,14.22
1749963637,2025-06-15 02:00:37,14.29
1749963693,2025-06-15 02:01:33,14.47
1749963752,2025-06-15 02:02:32,14.24
1749963815,2025-06-15 02:03:35,14.51
1749963875,2025-06-15 02:04:35,14.6
1749963932,2025-06-15 02:05:32,14.93
1749963993,2025-06-15 02:06:33,14.21
1749964058,2025-06-15 02:07:38,14.57
1749964118,2025-06-15 02:08:38,14.98
1749964177,2025-06-15 02:09:37,14.67
1749964239,2025-06-15 02:10:39,14.37
1749964301,2025-06-15 02:11:41,14.7
1749964360,2025-06-15 02:12:40,14.57
1749964419,2025-06-15 02:13:39,14.59
1749964479,2025-06-15 02:14:39,14.46
1749964538,2025-06-15 02:15:38,14.88
1749964600,2025-06-15 02:16:40,14.53
1749964659,2025-06-15 02:17:39,14.38
1749964721,2025-06-15 02:18:41,14.6
1749964778,2025-06-15 02:19:38,14.5
1749964836,2025-06-15 02:20:36,14.32
1749964895,2025-06-15 02:21:35,15.0
1749964957,2025-06-15 02:22:37,14.44
1749965015,2025-06-15 02:23:35,14.67
1749965079,2025-06-15 02:24:39,14.54
1749965139,2025-06-15 02:25:39,15.27
1749965197,2025-06-15 02:26:37,15.22
1749965258,2025-06-15 02:27:38,15.33
1749965318,2025-06-15 02:28:38,15.6
1749965377,2025-06-15 02:29:37,15.72
1749965438,2025-06-15 02:30:38,16.2
1749965496,2025-06-15 02:31:36,15.79
1749965554,2025-06-15 02:32:34,15.3
1749965613,2025-06-15 02:33:33,15.67
1749965675,2025-06-15 02:34:35,15.52
1749965733,2025-06-15 02:35:33,16.1
1749965792,2025-06-15 02:36:32,15.99
1749965851,2025-06-15 02:37:31,15.74
1749965910,2025-06-15 02:38:30,15.91
1749965972,2025-06-15 02:39:32,16.05
1749966034,2025-06-15 02:40:34,15.35
1749966096,2025-06-15 02:41:36,16.56
1749966153,2025-06-15 02:42:33,15.61
1749966215,2025-06-15 02:43:35,15.63
1749966271,2025-06-15 02:44:31,15.68
1749966331,2025-06-15 02:45:31,15.85
1749966392,2025-06-15 02:46:32,15.69
1749966453,2025-06-15 02:47:33,15.84
1749966509,2025-06-15 02:48:29,15.71
1749966567,2025-06-15 02:49:27,15.86
1749966628,2025-06-15 02:50:28,15.5
1749966686,2025-06-15 02:51:26,15.76
1749966749,2025-06-15 02:52:29,15.63
1749966809,2025-06-15 02:53:29,15.69
1749966873,2025-06-15 02:54:33,15.83
1749966932,2025-06-15 02:55:32,15.95
1749966990,2025-06-15 02:56:30,15.55
1749967052,2025-06-15 02:57:32,15.79
1749967112,2025-06-15 02:58:32,16.47
1749967172,2025-06-15 02:59:32,15.2
1749967228,2025-06-15 03:00:28,15.2
1749967291,2025-06-15 03:01:31,15.73
1749967346,2025-06-15 03:02:26,16.7
1749967405,2025-06-15 03:03:25,17.68
1749967469,2025-06-15 03:04:29,15.58
1749967532,2025-06-15 03:05:32,15.3
1749967589,2025-06-15 03:06:29,15.6
1749967651,2025-06-15 03:07:31,15.39
1749967716,2025-06-15 03:08:36,15.37
1749967772,2025-06-15 03:09:32,23.56
1749967830,2025-06-15 03:10:30,23.27
1749967889,2025-06-15 03:11:29,20.96
1749967949,2025-06-15 03:12:29,15.33
1749968006,2025-06-15 03:13:26,15.43
1749968064,2025-06-15 03:14:24,15.52
1749968126,2025-06-15 03:15:26,15.67
1749968183,2025-06-15 03:16:23,15.76
1749968245,2025-06-15 03:17:25,15.46
1749968308,2025-06-15 03:18:28,16.05
1749968371,2025-06-15 03:19:31,15.28
1749968429,2025-06-15 03:20:29,15.21
1749968488,2025-06-15 03:21:28,15.18
1749968549,2025-06-15 03:22:29,15.53
1749968610,2025-06-15 03:23:30,15.41
1749968672,2025-06-15 03:24:32,15.49
1749968732,2025-06-15 03:25:32,15.46
1749968787,2025-06-15 03:26:27,15.3
1749968845,2025-06-15 03:27:25,15.42
1749968909,2025-06-15 03:28:29,15.5
1749968971,2025-06-15 03:29:31,15.79
1749969032,2025-06-15 03:30:32,15.48
1749969091,2025-06-15 03:31:31,15.31
1749969154,2025-06-15 03:32:34,15.25
1749969209,2025-06-15 03:33:29,15.57
1749969266,2025-06-15 03:34:26,15.15
1749969325,2025-06-15 03:35:25,15.07
1749969387,2025-06-15 03:36:27,15.13
1749969447,2025-06-15 03:37:27,15.11
1749969510,2025-06-15 03:38:30,14.89
1749969570,2025-06-15 03:39:30,15.35
1749969632,2025-06-15 03:40:32,14.99
1749969691,2025-06-15 03:41:31,15.08
1749969755,2025-06-15 03:42:35,14.92
1749969813,2025-06-15 03:43:33,14.55
1749969872,2025-06-15 03:44:32,15.57
1749969933,2025-06-15 03:45:33,15.04
1749969988,2025-06-15 03:46:28,15.66
1749970047,2025-06-15 03:47:27,15.3
1749970104,2025-06-15 03:48:24,15.12
1749970167,2025-06-15 03:49:27,15.21
1749970227,2025-06-15 03:50:27,14.67
1749970287,2025-06-15 03:51:27,14.87
1749970345,2025-06-15 03:52:25,15.22
1749970409,2025-06-15 03:53:29,15.29
1749970467,2025-06-15 03:54:27,15.16
1749970530,2025-06-15 03:55:30,15.52
1749970585,2025-06-15 03:56:25,16.0
1749970645,2025-06-15 03:57:25,15.24
1749970707,2025-06-15 03:58:27,15.08
1749970767,2025-06-15 03:59:27,15.46
1749970829,2025-06-15 04:00:29,15.04
1749970886,2025-06-15 04:01:26,15.17
1749970945,2025-06-15 04:02:25,15.47
1749971006,2025-06-15 04:03:26,15.0
1749971066,2025-06-15 04:04:26,14.88
1749971127,2025-06-15 04:05:27,15.23
1749971190,2025-06-15 04:06:30,14.89
1749971249,2025-06-15 04:07:29,14.89
1749971305,2025-06-15 04:08:25,15.65
1749971364,2025-06-15 04:09:24,15.63
1749971423,2025-06-15 04:10:23,14.61
1749971484,2025-06-15 04:11:24,14.77
1749971546,2025-06-15 04:12:26,14.72
1749971602,2025-06-15 04:13:22,14.92
1749971657,2025-06-15 04:14:17,15.28
1749971718,2025-06-15 04:15:18,14.64
1749971777,2025-06-15 04:16:17,14.99
1749971836,2025-06-15 04:17:16,14.58
1749971893,2025-06-15 04:18:13,14.76
1749971952,2025-06-15 04:19:12,14.71
1749972011,2025-06-15 04:20:11,14.42
1749972072,2025-06-15 04:21:12,14.26
1749972130,2025-06-15 04:22:10,14.46
1749972192,2025-06-15 04:23:12,14.49
1749972250,2025-06-15 04:24:10,14.68
1749972310,2025-06-15 04:25:10,14.79
1749972374,2025-06-15 04:26:14,14.56
1749972432,2025-06-15 04:27:12,14.32
1749972495,2025-06-15 04:28:15,14.59
1749972556,2025-06-15 04:29:16,14.52
1749972614,2025-06-15 04:30:14,14.28
1749972677,2025-06-15 04:31:17,14.06
1749972737,2025-06-15 04:32:17,14.27
1749972794,2025-06-15 04:33:14,14.46
1749972855,2025-06-15 04:34:15,14.3
1749972911,2025-06-15 04:35:11,14.55
1749972974,2025-06-15 04:36:14,14.66
1749973034,2025-06-15 04:37:14,14.7
1749973096,2025-06-15 04:38:16,14.7
1749973159,2025-06-15 04:39:19,14.33
1749973216,2025-06-15 04:40:16,14.85
1749973275,2025-06-15 04:41:15,14.95
1749973333,2025-06-15 04:42:13,14.63
1749973391,2025-06-15 04:43:11,14.23
1749973449,2025-06-15 04:44:09,14.73
1749973506,2025-06-15 04:45:06,14.39
1749973565,2025-06-15 04:46:05,14.6
1749973625,2025-06-15 04:47:05,14.51
1749973686,2025-06-15 04:48:06,14.23
1749973746,2025-06-15 04:49:06,14.5
1749973804,2025-06-15 04:50:04,14.37
1749973862,2025-06-15 04:51:02,14.22
1749973922,2025-06-15 04:52:02,14.53
1749973983,2025-06-15 04:53:03,14.49
1749974045,2025-06-15 04:54:05,14.39
1749974103,2025-06-15 04:55:03,14.33
1749974164,2025-06-15 04:56:04,14.0
1749974225,2025-06-15 04:57:05,14.19
1749974283,2025-06-15 04:58:03,14.18
1749974341,2025-06-15 04:59:01,14.98
1749974402,2025-06-15 05:00:02,14.67
1749974459,2025-06-15 05:00:59,14.51
1749974518,2025-06-15 05:01:58,14.16
1749974585,2025-06-15 05:03:05,14.37
1749974643,2025-06-15 05:04:03,14.81
1749974703,2025-06-15 05:05:03,14.57
1749974765,2025-06-15 05:06:05,14.34
1749974824,2025-06-15 05:07:04,14.43
1749974882,2025-06-15 05:08:02,14.48
1749974942,2025-06-15 05:09:02,14.35
1749974999,2025-06-15 05:09:59,14.15
1749975059,2025-06-15 05:10:59,14.24
1749975125,2025-06-15 05:12:05,14.68
1749975187,2025-06-15 05:13:07,14.11
1749975248,2025-06-15 05:14:08,14.97
1749975309,2025-06-15 05:15:09,14.4
1749975370,2025-06-15 05:16:10,14.23
1749975435,2025-06-15 05:17:15,14.71
1749975497,2025-06-15 05:18:17,14.44
1749975556,2025-06-15 05:19:16,13.95
1749975618,2025-06-15 05:20:18,13.21
1749975680,2025-06-15 05:21:20,13.42
1749975738,2025-06-15 05:22:18,13.52
1749975797,2025-06-15 05:23:17,12.97
1749975861,2025-06-15 05:24:21,14.23
1749975920,2025-06-15 05:25:20,13.06
1749975977,2025-06-15 05:26:17,13.61
1749976036,2025-06-15 05:27:16,13.01
1749976097,2025-06-15 05:28:17,13.94
1749976160,2025-06-15 05:29:20,13.14
1749976226,2025-06-15 05:30:26,13.05
1749976283,2025-06-15 05:31:23,12.83
1749976345,2025-06-15 05:32:25,13.59
1749976403,2025-06-15 05:33:23,13.11
1749976463,2025-06-15 05:34:23,12.88
1749976522,2025-06-15 05:35:22,13.07
1749976583,2025-06-15 05:36:23,12.88
1749976641,2025-06-15 05:37:21,12.79
1749976706,2025-06-15 05:38:26,13.1
1749976764,2025-06-15 05:39:24,12.97
1749976830,2025-06-15 05:40:30,12.47
1749976889,2025-06-15 05:41:29,12.19
1749976948,2025-06-15 05:42:28,12.47
1749977010,2025-06-15 05:43:30,12.62
1749977076,2025-06-15 05:44:36,12.53
1749977136,2025-06-15 05:45:36,13.23
1749977199,2025-06-15 05:46:39,12.25
1749977263,2025-06-15 05:47:43,12.53
1749977323,2025-06-15 05:48:43,12.68
1749977384,2025-06-15 05:49:44,12.23
1749977442,2025-06-15 05:50:42,12.54
1749977501,2025-06-15 05:51:41,12.24
1749977558,2025-06-15 05:52:38,12.39
1749977618,2025-06-15 05:53:38,12.29
1749977680,2025-06-15 05:54:40,12.55
1749977743,2025-06-15 05:55:43,12.69
1749977807,2025-06-15 05:56:47,12.72
1749977864,2025-06-15 05:57:44,13.11
1749977920,2025-06-15 05:58:40,12.53
1749977981,2025-06-15 05:59:41,13.03
1749978036,2025-06-15 06:00:36,13.72
1749978096,2025-06-15 06:01:36,22.53
1749978154,2025-06-15 06:02:34,12.62
1749978214,2025-06-15 06:03:34,12.88
1749978273,2025-06-15 06:04:33,12.71
1749978334,2025-06-15 06:05:34,12.35
1749978396,2025-06-15 06:06:36,12.88
1749978460,2025-06-15 06:07:40,12.76
1749978521,2025-06-15 06:08:41,12.59
1749978581,2025-06-15 06:09:41,12.47
1749978639,2025-06-15 06:10:39,14.94
1749978698,2025-06-15 06:11:38,12.47
1749978756,2025-06-15 06:12:36,12.26
1749978816,2025-06-15 06:13:36,12.76
1749978872,2025-06-15 06:14:32,12.66
1749978937,2025-06-15 06:15:37,12.55
1749978998,2025-06-15 06:16:38,12.41
1749979061,2025-06-15 06:17:41,12.69
1749979124,2025-06-15 06:18:44,12.42
1749979183,2025-06-15 06:19:43,12.77
1749979242,2025-06-15 06:20:42,12.4
1749979303,2025-06-15 06:21:43,12.53
1749979366,2025-06-15 06:22:46,12.3
1749979425,2025-06-15 06:23:45,12.74
1749979484,2025-06-15 06:24:44,12.16
1749979546,2025-06-15 06:25:46,12.87
1749979611,2025-06-15 06:26:51,12.25
1749979676,2025-06-15 06:27:56,12.93
1749979738,2025-06-15 06:28:58,14.24
1749979797,2025-06-15 06:29:57,14.38
1749979862,2025-06-15 06:31:02,14.75
1749979924,2025-06-15 06:32:04,15.11
1749979981,2025-06-15 06:33:01,14.44
