Timestamp,Datetime,HopHostnames
1749857561,2025-06-13 20:32:41,gateway;No-Hostname;crj1-brj1.bkb.rnp.br;cmg1-crj1-telebras.bkb.rnp.br;cmg2-cmg1.bkb.rnp.br;lanmg2-cmg2.bkb.rnp.br;ptp-couve-almeirao.pop-mg.rnp.br;ptp-brigadeiro-couve.pop-mg.rnp.br;monipe-mg-atraso.rnp.br
1749858243,2025-06-13 20:44:03,gateway;No-Hostname;crj1-brj1.bkb.rnp.br;cmg1-crj1-telebras.bkb.rnp.br;cmg2-cmg1.bkb.rnp.br;lanmg2-cmg2.bkb.rnp.br;ptp-couve-almeirao.pop-mg.rnp.br;ptp-brigadeiro-couve.pop-mg.rnp.br;monipe-mg-atraso.rnp.br
1749858798,2025-06-13 20:53:18,gateway;No-Hostname;crj1-brj1.bkb.rnp.br;cmg1-crj1-telebras.bkb.rnp.br;cmg2-cmg1.bkb.rnp.br;lanmg2-cmg2.bkb.rnp.br;ptp-couve-almeirao.pop-mg.rnp.br;ptp-brigadeiro-couve.pop-mg.rnp.br;monipe-mg-atraso.rnp.br
1749859583,2025-06-13 21:06:23,gateway;No-Hostname;crj1-brj1.bkb.rnp.br;cmg1-crj1-telebras.bkb.rnp.br;cmg2-cmg1.bkb.rnp.br;lanmg2-cmg2.bkb.rnp.br;ptp-couve-almeirao.pop-mg.rnp.br;ptp-brigadeiro-couve.pop-mg.rnp.br;monipe-mg-atraso.rnp.br
1749860065,2025-06-13 21:14:25,gateway;No-Hostname;crj1-brj1.bkb.rnp.br;cmg1-crj1-telebras.bkb.rnp.br;cmg2-cmg1.bkb.rnp.br;lanmg2-cmg2.bkb.rnp.br;ptp-couve-almeirao.pop-mg.rnp.br;ptp-brigadeiro-couve.pop-mg.rnp.br;monipe-mg-atraso.rnp.br
1749860890,2025-06-13 21:28:10,gateway;No-Hostname;crj1-brj1.bkb.rnp.br;cmg1-crj1-telebras.bkb.rnp.br;cmg2-cmg1.bkb.rnp.br;lanmg2-cmg2.bkb.rnp.br;ptp-couve-almeirao.pop-mg.rnp.br;ptp-brigadeiro-couve.pop-mg.rnp.br;monipe-mg-atraso.rnp.br
1749861323,2025-06-13 21:35:23,gateway;No-Hostname;crj1-brj1.bkb.rnp.br;cmg1-crj1-telebras.bkb.rnp.br;cmg2-cmg1.bkb.rnp.br;lanmg2-cmg2.bkb.rnp.br;ptp-couve-almeirao.pop-mg.rnp.br;ptp-brigadeiro-couve.pop-mg.rnp.br;monipe-mg-atraso.rnp.br
1749862170,2025-06-13 21:49:30,gateway;No-Hostname;crj1-brj1.bkb.rnp.br;cmg1-crj1-telebras.bkb.rnp.br;cmg2-cmg1.bkb.rnp.br;lanmg2-cmg2.bkb.rnp.br;ptp-couve-almeirao.pop-mg.rnp.br;ptp-brigadeiro-couve.pop-mg.rnp.br;monipe-mg-atraso.rnp.br
1749862462,2025-06-13 21:54:22,gateway;No-Hostname;crj1-brj1.bkb.rnp.br;cmg1-crj1-telebras.bkb.rnp.br;cmg2-cmg1.bkb.rnp.br;lanmg2-cmg2.bkb.rnp.br;ptp-couve-almeirao.pop-mg.rnp.br;ptp-brigadeiro-couve.pop-mg.rnp.br;monipe-mg-atraso.rnp.br
1749863236,2025-06-13 22:07:16,gateway;No-Hostname;crj1-brj1.bkb.rnp.br;cmg1-crj1-telebras.bkb.rnp.br;cmg2-cmg1.bkb.rnp.br;lanmg2-cmg2.bkb.rnp.br;ptp-couve-almeirao.pop-mg.rnp.br;ptp-brigadeiro-couve.pop-mg.rnp.br;monipe-mg-atraso.rnp.br
1749863859,2025-06-13 22:17:39,gateway;No-Hostname;crj1-brj1.bkb.rnp.br;cmg1-crj1-telebras.bkb.rnp.br;cmg2-cmg1.bkb.rnp.br;lanmg2-cmg2.bkb.rnp.br;ptp-couve-almeirao.pop-mg.rnp.br;ptp-brigadeiro-couve.pop-mg.rnp.br;monipe-mg-atraso.rnp.br
1749864217,2025-06-13 22:23:37,gateway;No-Hostname;crj1-brj1.bkb.rnp.br;cmg1-crj1-telebras.bkb.rnp.br;cmg2-cmg1.bkb.rnp.br;lanmg2-cmg2.bkb.rnp.br;ptp-couve-almeirao.pop-mg.rnp.br;ptp-brigadeiro-couve.pop-mg.rnp.br;monipe-mg-atraso.rnp.br
1749864961,2025-06-13 22:36:01,gateway;No-Hostname;crj1-brj1.bkb.rnp.br;cmg1-crj1-telebras.bkb.rnp.br;cmg2-cmg1.bkb.rnp.br;lanmg2-cmg2.bkb.rnp.br;ptp-couve-almeirao.pop-mg.rnp.br;ptp-brigadeiro-couve.pop-mg.rnp.br;monipe-mg-atraso.rnp.br
1749865585,2025-06-13 22:46:25,gateway;No-Hostname;crj1-brj1.bkb.rnp.br;cmg1-crj1-telebras.bkb.rnp.br;cmg2-cmg1.bkb.rnp.br;lanmg2-cmg2.bkb.rnp.br;ptp-couve-almeirao.pop-mg.rnp.br;ptp-brigadeiro-couve.pop-mg.rnp.br;monipe-mg-atraso.rnp.br
1749866001,2025-06-13 22:53:21,gateway;No-Hostname;crj1-brj1.bkb.rnp.br;cmg1-crj1-telebras.bkb.rnp.br;cmg2-cmg1.bkb.rnp.br;lanmg2-cmg2.bkb.rnp.br;ptp-couve-almeirao.pop-mg.rnp.br;ptp-brigadeiro-couve.pop-mg.rnp.br;monipe-mg-atraso.rnp.br
1749866754,2025-06-13 23:05:54,gateway;No-Hostname;crj1-brj1.bkb.rnp.br;cmg1-crj1-telebras.bkb.rnp.br;cmg2-cmg1.bkb.rnp.br;lanmg2-cmg2.bkb.rnp.br;ptp-couve-almeirao.pop-mg.rnp.br;ptp-brigadeiro-couve.pop-mg.rnp.br;monipe-mg-atraso.rnp.br
1749867520,2025-06-13 23:18:40,gateway;No-Hostname;crj1-brj1.bkb.rnp.br;cmg1-crj1-telebras.bkb.rnp.br;cmg2-cmg1.bkb.rnp.br;lanmg2-cmg2.bkb.rnp.br;ptp-couve-almeirao.pop-mg.rnp.br;ptp-brigadeiro-couve.pop-mg.rnp.br;monipe-mg-atraso.rnp.br
1749868054,2025-06-13 23:27:34,gateway;No-Hostname;crj1-brj1.bkb.rnp.br;cmg1-crj1-telebras.bkb.rnp.br;cmg2-cmg1.bkb.rnp.br;lanmg2-cmg2.bkb.rnp.br;ptp-couve-almeirao.pop-mg.rnp.br;ptp-brigadeiro-couve.pop-mg.rnp.br;monipe-mg-atraso.rnp.br
1749868505,2025-06-13 23:35:05,gateway;No-Hostname;crj1-brj1.bkb.rnp.br;cmg1-crj1-telebras.bkb.rnp.br;cmg2-cmg1.bkb.rnp.br;lanmg2-cmg2.bkb.rnp.br;ptp-couve-almeirao.pop-mg.rnp.br;ptp-brigadeiro-couve.pop-mg.rnp.br;monipe-mg-atraso.rnp.br
1749869224,2025-06-13 23:47:04,gateway;No-Hostname;crj1-brj1.bkb.rnp.br;cmg1-crj1-telebras.bkb.rnp.br;cmg2-cmg1.bkb.rnp.br;lanmg2-cmg2.bkb.rnp.br;ptp-couve-almeirao.pop-mg.rnp.br;ptp-brigadeiro-couve.pop-mg.rnp.br;monipe-mg-atraso.rnp.br
1749869701,2025-06-13 23:55:01,gateway;No-Hostname;crj1-brj1.bkb.rnp.br;cmg1-crj1-telebras.bkb.rnp.br;cmg2-cmg1.bkb.rnp.br;lanmg2-cmg2.bkb.rnp.br;ptp-couve-almeirao.pop-mg.rnp.br;ptp-brigadeiro-couve.pop-mg.rnp.br;monipe-mg-atraso.rnp.br
1749870682,2025-06-14 00:11:22,gateway;No-Hostname;crj1-brj1.bkb.rnp.br;cmg1-crj1-telebras.bkb.rnp.br;cmg2-cmg1.bkb.rnp.br;lanmg2-cmg2.bkb.rnp.br;ptp-couve-almeirao.pop-mg.rnp.br;ptp-brigadeiro-couve.pop-mg.rnp.br;monipe-mg-atraso.rnp.br
1749871104,2025-06-14 00:18:24,gateway;No-Hostname;crj1-brj1.bkb.rnp.br;cmg1-crj1-telebras.bkb.rnp.br;cmg2-cmg1.bkb.rnp.br;lanmg2-cmg2.bkb.rnp.br;ptp-couve-almeirao.pop-mg.rnp.br;ptp-brigadeiro-couve.pop-mg.rnp.br;monipe-mg-atraso.rnp.br
1749871864,2025-06-14 00:31:04,gateway;No-Hostname;crj1-brj1.bkb.rnp.br;cmg1-crj1-telebras.bkb.rnp.br;cmg2-cmg1.bkb.rnp.br;lanmg2-cmg2.bkb.rnp.br;ptp-couve-almeirao.pop-mg.rnp.br;ptp-brigadeiro-couve.pop-mg.rnp.br;monipe-mg-atraso.rnp.br
1749872432,2025-06-14 00:40:32,gateway;No-Hostname;crj1-brj1.bkb.rnp.br;cmg1-crj1-telebras.bkb.rnp.br;cmg2-cmg1.bkb.rnp.br;lanmg2-cmg2.bkb.rnp.br;ptp-couve-almeirao.pop-mg.rnp.br;ptp-brigadeiro-couve.pop-mg.rnp.br;monipe-mg-atraso.rnp.br
1749872754,2025-06-14 00:45:54,gateway;No-Hostname;crj1-brj1.bkb.rnp.br;cmg1-crj1-telebras.bkb.rnp.br;cmg2-cmg1.bkb.rnp.br;lanmg2-cmg2.bkb.rnp.br;ptp-couve-almeirao.pop-mg.rnp.br;ptp-brigadeiro-couve.pop-mg.rnp.br;monipe-mg-atraso.rnp.br
1749873360,2025-06-14 00:56:00,gateway;No-Hostname;crj1-brj1.bkb.rnp.br;cmg1-crj1-telebras.bkb.rnp.br;cmg2-cmg1.bkb.rnp.br;lanmg2-cmg2.bkb.rnp.br;ptp-couve-almeirao.pop-mg.rnp.br;ptp-brigadeiro-couve.pop-mg.rnp.br;monipe-mg-atraso.rnp.br
1749874192,2025-06-14 01:09:52,gateway;No-Hostname;crj1-brj1.bkb.rnp.br;cmg1-crj1-telebras.bkb.rnp.br;cmg2-cmg1.bkb.rnp.br;lanmg2-cmg2.bkb.rnp.br;ptp-couve-almeirao.pop-mg.rnp.br;ptp-brigadeiro-couve.pop-mg.rnp.br;monipe-mg-atraso.rnp.br
1749874686,2025-06-14 01:18:06,gateway;No-Hostname;crj1-brj1.bkb.rnp.br;cmg1-crj1-telebras.bkb.rnp.br;cmg2-cmg1.bkb.rnp.br;lanmg2-cmg2.bkb.rnp.br;ptp-couve-almeirao.pop-mg.rnp.br;ptp-brigadeiro-couve.pop-mg.rnp.br;monipe-mg-atraso.rnp.br
1749875010,2025-06-14 01:23:30,gateway;No-Hostname;crj1-brj1.bkb.rnp.br;cmg1-crj1-telebras.bkb.rnp.br;cmg2-cmg1.bkb.rnp.br;lanmg2-cmg2.bkb.rnp.br;ptp-couve-almeirao.pop-mg.rnp.br;ptp-brigadeiro-couve.pop-mg.rnp.br;monipe-mg-atraso.rnp.br
1749875897,2025-06-14 01:38:17,gateway;No-Hostname;crj1-brj1.bkb.rnp.br;cmg1-crj1-telebras.bkb.rnp.br;cmg2-cmg1.bkb.rnp.br;lanmg2-cmg2.bkb.rnp.br;ptp-couve-almeirao.pop-mg.rnp.br;ptp-brigadeiro-couve.pop-mg.rnp.br;monipe-mg-atraso.rnp.br
1749876644,2025-06-14 01:50:44,gateway;No-Hostname;crj1-brj1.bkb.rnp.br;cmg1-crj1-telebras.bkb.rnp.br;cmg2-cmg1.bkb.rnp.br;lanmg2-cmg2.bkb.rnp.br;ptp-couve-almeirao.pop-mg.rnp.br;ptp-brigadeiro-couve.pop-mg.rnp.br;monipe-mg-atraso.rnp.br
1749877290,2025-06-14 02:01:30,gateway;No-Hostname;crj1-brj1.bkb.rnp.br;cmg1-crj1-telebras.bkb.rnp.br;cmg2-cmg1.bkb.rnp.br;lanmg2-cmg2.bkb.rnp.br;ptp-couve-almeirao.pop-mg.rnp.br;ptp-brigadeiro-couve.pop-mg.rnp.br;monipe-mg-atraso.rnp.br
1749877855,2025-06-14 02:10:55,gateway;No-Hostname;crj1-brj1.bkb.rnp.br;cmg1-crj1-telebras.bkb.rnp.br;cmg2-cmg1.bkb.rnp.br;lanmg2-cmg2.bkb.rnp.br;ptp-couve-almeirao.pop-mg.rnp.br;ptp-brigadeiro-couve.pop-mg.rnp.br;monipe-mg-atraso.rnp.br
1749878165,2025-06-14 02:16:05,gateway;No-Hostname;crj1-brj1.bkb.rnp.br;cmg1-crj1-telebras.bkb.rnp.br;cmg2-cmg1.bkb.rnp.br;lanmg2-cmg2.bkb.rnp.br;ptp-couve-almeirao.pop-mg.rnp.br;ptp-brigadeiro-couve.pop-mg.rnp.br;monipe-mg-atraso.rnp.br
1749878754,2025-06-14 02:25:54,gateway;No-Hostname;crj1-brj1.bkb.rnp.br;cmg1-crj1-telebras.bkb.rnp.br;cmg2-cmg1.bkb.rnp.br;lanmg2-cmg2.bkb.rnp.br;ptp-couve-almeirao.pop-mg.rnp.br;ptp-brigadeiro-couve.pop-mg.rnp.br;monipe-mg-atraso.rnp.br
1749879466,2025-06-14 02:37:46,gateway;No-Hostname;crj1-brj1.bkb.rnp.br;cmg1-crj1-telebras.bkb.rnp.br;cmg2-cmg1.bkb.rnp.br;lanmg2-cmg2.bkb.rnp.br;ptp-couve-almeirao.pop-mg.rnp.br;ptp-brigadeiro-couve.pop-mg.rnp.br;monipe-mg-atraso.rnp.br
1749880244,2025-06-14 02:50:44,gateway;No-Hostname;crj1-brj1.bkb.rnp.br;cmg1-crj1-telebras.bkb.rnp.br;cmg2-cmg1.bkb.rnp.br;lanmg2-cmg2.bkb.rnp.br;ptp-couve-almeirao.pop-mg.rnp.br;ptp-brigadeiro-couve.pop-mg.rnp.br;monipe-mg-atraso.rnp.br
1749880539,2025-06-14 02:55:39,gateway;No-Hostname;crj1-brj1.bkb.rnp.br;cmg1-crj1-telebras.bkb.rnp.br;cmg2-cmg1.bkb.rnp.br;lanmg2-cmg2.bkb.rnp.br;ptp-couve-almeirao.pop-mg.rnp.br;ptp-brigadeiro-couve.pop-mg.rnp.br;monipe-mg-atraso.rnp.br
1749880965,2025-06-14 03:02:45,gateway;No-Hostname;crj1-brj1.bkb.rnp.br;cmg1-crj1-telebras.bkb.rnp.br;cmg2-cmg1.bkb.rnp.br;lanmg2-cmg2.bkb.rnp.br;ptp-couve-almeirao.pop-mg.rnp.br;ptp-brigadeiro-couve.pop-mg.rnp.br;monipe-mg-atraso.rnp.br
1749881674,2025-06-14 03:14:34,gateway;No-Hostname;crj1-brj1.bkb.rnp.br;cmg1-crj1-telebras.bkb.rnp.br;cmg2-cmg1.bkb.rnp.br;lanmg2-cmg2.bkb.rnp.br;ptp-couve-almeirao.pop-mg.rnp.br;ptp-brigadeiro-couve.pop-mg.rnp.br;monipe-mg-atraso.rnp.br
1749882416,2025-06-14 03:26:56,gateway;No-Hostname;crj1-brj1.bkb.rnp.br;cmg1-crj1-telebras.bkb.rnp.br;cmg2-cmg1.bkb.rnp.br;lanmg2-cmg2.bkb.rnp.br;ptp-couve-almeirao.pop-mg.rnp.br;ptp-brigadeiro-couve.pop-mg.rnp.br;monipe-mg-atraso.rnp.br
1749882813,2025-06-14 03:33:33,gateway;No-Hostname;crj1-brj1.bkb.rnp.br;cmg1-crj1-telebras.bkb.rnp.br;cmg2-cmg1.bkb.rnp.br;lanmg2-cmg2.bkb.rnp.br;ptp-couve-almeirao.pop-mg.rnp.br;ptp-brigadeiro-couve.pop-mg.rnp.br;monipe-mg-atraso.rnp.br
1749883569,2025-06-14 03:46:09,gateway;No-Hostname;crj1-brj1.bkb.rnp.br;cmg1-crj1-telebras.bkb.rnp.br;cmg2-cmg1.bkb.rnp.br;lanmg2-cmg2.bkb.rnp.br;ptp-couve-almeirao.pop-mg.rnp.br;ptp-brigadeiro-couve.pop-mg.rnp.br;monipe-mg-atraso.rnp.br
1749884385,2025-06-14 03:59:45,gateway;No-Hostname;crj1-brj1.bkb.rnp.br;cmg1-crj1-telebras.bkb.rnp.br;cmg2-cmg1.bkb.rnp.br;lanmg2-cmg2.bkb.rnp.br;ptp-couve-almeirao.pop-mg.rnp.br;ptp-brigadeiro-couve.pop-mg.rnp.br;monipe-mg-atraso.rnp.br
1749884894,2025-06-14 04:08:14,gateway;No-Hostname;crj1-brj1.bkb.rnp.br;cmg1-crj1-telebras.bkb.rnp.br;cmg2-cmg1.bkb.rnp.br;lanmg2-cmg2.bkb.rnp.br;ptp-couve-almeirao.pop-mg.rnp.br;ptp-brigadeiro-couve.pop-mg.rnp.br;monipe-mg-atraso.rnp.br
1749885371,2025-06-14 04:16:11,gateway;No-Hostname;crj1-brj1.bkb.rnp.br;cmg1-crj1-telebras.bkb.rnp.br;cmg2-cmg1.bkb.rnp.br;lanmg2-cmg2.bkb.rnp.br;ptp-couve-almeirao.pop-mg.rnp.br;ptp-brigadeiro-couve.pop-mg.rnp.br;monipe-mg-atraso.rnp.br
1749885861,2025-06-14 04:24:21,gateway;No-Hostname;crj1-brj1.bkb.rnp.br;cmg1-crj1-telebras.bkb.rnp.br;cmg2-cmg1.bkb.rnp.br;lanmg2-cmg2.bkb.rnp.br;ptp-couve-almeirao.pop-mg.rnp.br;ptp-brigadeiro-couve.pop-mg.rnp.br;monipe-mg-atraso.rnp.br
1749886696,2025-06-14 04:38:16,gateway;No-Hostname;crj1-brj1.bkb.rnp.br;cmg1-crj1-telebras.bkb.rnp.br;cmg2-cmg1.bkb.rnp.br;lanmg2-cmg2.bkb.rnp.br;ptp-couve-almeirao.pop-mg.rnp.br;ptp-brigadeiro-couve.pop-mg.rnp.br;monipe-mg-atraso.rnp.br
1749887074,2025-06-14 04:44:34,gateway;No-Hostname;crj1-brj1.bkb.rnp.br;cmg1-crj1-telebras.bkb.rnp.br;cmg2-cmg1.bkb.rnp.br;lanmg2-cmg2.bkb.rnp.br;ptp-couve-almeirao.pop-mg.rnp.br;ptp-brigadeiro-couve.pop-mg.rnp.br;monipe-mg-atraso.rnp.br
1749887765,2025-06-14 04:56:05,gateway;No-Hostname;crj1-brj1.bkb.rnp.br;cmg1-crj1-telebras.bkb.rnp.br;cmg2-cmg1.bkb.rnp.br;lanmg2-cmg2.bkb.rnp.br;ptp-couve-almeirao.pop-mg.rnp.br;ptp-brigadeiro-couve.pop-mg.rnp.br;monipe-mg-atraso.rnp.br
1749888648,2025-06-14 05:10:48,gateway;No-Hostname;crj1-brj1.bkb.rnp.br;cmg1-crj1-telebras.bkb.rnp.br;cmg2-cmg1.bkb.rnp.br;lanmg2-cmg2.bkb.rnp.br;ptp-couve-almeirao.pop-mg.rnp.br;ptp-brigadeiro-couve.pop-mg.rnp.br;monipe-mg-atraso.rnp.br
1749888802,2025-06-14 05:13:22,gateway;No-Hostname;crj1-brj1.bkb.rnp.br;cmg1-crj1-telebras.bkb.rnp.br;cmg2-cmg1.bkb.rnp.br;lanmg2-cmg2.bkb.rnp.br;ptp-couve-almeirao.pop-mg.rnp.br;ptp-brigadeiro-couve.pop-mg.rnp.br;monipe-mg-atraso.rnp.br
1749889414,2025-06-14 05:23:34,gateway;No-Hostname;crj1-brj1.bkb.rnp.br;cmg1-crj1-telebras.bkb.rnp.br;cmg2-cmg1.bkb.rnp.br;lanmg2-cmg2.bkb.rnp.br;ptp-couve-almeirao.pop-mg.rnp.br;ptp-brigadeiro-couve.pop-mg.rnp.br;monipe-mg-atraso.rnp.br
1749890356,2025-06-14 05:39:16,gateway;No-Hostname;crj1-brj1.bkb.rnp.br;cmg1-crj1-telebras.bkb.rnp.br;cmg2-cmg1.bkb.rnp.br;lanmg2-cmg2.bkb.rnp.br;ptp-couve-almeirao.pop-mg.rnp.br;ptp-brigadeiro-couve.pop-mg.rnp.br;monipe-mg-atraso.rnp.br
1749890687,2025-06-14 05:44:47,gateway;No-Hostname;crj1-brj1.bkb.rnp.br;cmg1-crj1-telebras.bkb.rnp.br;cmg2-cmg1.bkb.rnp.br;lanmg2-cmg2.bkb.rnp.br;ptp-couve-almeirao.pop-mg.rnp.br;ptp-brigadeiro-couve.pop-mg.rnp.br;monipe-mg-atraso.rnp.br
1749891680,2025-06-14 06:01:20,gateway;No-Hostname;crj1-brj1.bkb.rnp.br;cmg1-crj1-telebras.bkb.rnp.br;cmg2-cmg1.bkb.rnp.br;lanmg2-cmg2.bkb.rnp.br;ptp-couve-almeirao.pop-mg.rnp.br;ptp-brigadeiro-couve.pop-mg.rnp.br;monipe-mg-atraso.rnp.br
1749891867,2025-06-14 06:04:27,gateway;No-Hostname;crj1-brj1.bkb.rnp.br;cmg1-crj1-telebras.bkb.rnp.br;cmg2-cmg1.bkb.rnp.br;lanmg2-cmg2.bkb.rnp.br;ptp-couve-almeirao.pop-mg.rnp.br;ptp-brigadeiro-couve.pop-mg.rnp.br;monipe-mg-atraso.rnp.br
1749892650,2025-06-14 06:17:30,gateway;No-Hostname;crj1-brj1.bkb.rnp.br;cmg1-crj1-telebras.bkb.rnp.br;cmg2-cmg1.bkb.rnp.br;lanmg2-cmg2.bkb.rnp.br;ptp-couve-almeirao.pop-mg.rnp.br;ptp-brigadeiro-couve.pop-mg.rnp.br;monipe-mg-atraso.rnp.br
1749893487,2025-06-14 06:31:27,gateway;No-Hostname;crj1-brj1.bkb.rnp.br;cmg1-crj1-telebras.bkb.rnp.br;cmg2-cmg1.bkb.rnp.br;lanmg2-cmg2.bkb.rnp.br;ptp-couve-almeirao.pop-mg.rnp.br;ptp-brigadeiro-couve.pop-mg.rnp.br;monipe-mg-atraso.rnp.br
1749893742,2025-06-14 06:35:42,gateway;No-Hostname;crj1-brj1.bkb.rnp.br;cmg1-crj1-telebras.bkb.rnp.br;cmg2-cmg1.bkb.rnp.br;lanmg2-cmg2.bkb.rnp.br;ptp-couve-almeirao.pop-mg.rnp.br;ptp-brigadeiro-couve.pop-mg.rnp.br;monipe-mg-atraso.rnp.br
1749894598,2025-06-14 06:49:58,gateway;No-Hostname;crj1-brj1.bkb.rnp.br;cmg1-crj1-telebras.bkb.rnp.br;cmg2-cmg1.bkb.rnp.br;lanmg2-cmg2.bkb.rnp.br;ptp-couve-almeirao.pop-mg.rnp.br;ptp-brigadeiro-couve.pop-mg.rnp.br;monipe-mg-atraso.rnp.br
1749895035,2025-06-14 06:57:15,gateway;No-Hostname;crj1-brj1.bkb.rnp.br;cmg1-crj1-telebras.bkb.rnp.br;cmg2-cmg1.bkb.rnp.br;lanmg2-cmg2.bkb.rnp.br;ptp-couve-almeirao.pop-mg.rnp.br;ptp-brigadeiro-couve.pop-mg.rnp.br;monipe-mg-atraso.rnp.br
1749895555,2025-06-14 07:05:55,gateway;No-Hostname;crj1-brj1.bkb.rnp.br;cmg1-crj1-telebras.bkb.rnp.br;cmg2-cmg1.bkb.rnp.br;lanmg2-cmg2.bkb.rnp.br;ptp-couve-almeirao.pop-mg.rnp.br;ptp-brigadeiro-couve.pop-mg.rnp.br;monipe-mg-atraso.rnp.br
1749896219,2025-06-14 07:16:59,gateway;No-Hostname;crj1-brj1.bkb.rnp.br;cmg1-crj1-telebras.bkb.rnp.br;cmg2-cmg1.bkb.rnp.br;lanmg2-cmg2.bkb.rnp.br;ptp-couve-almeirao.pop-mg.rnp.br;ptp-brigadeiro-couve.pop-mg.rnp.br;monipe-mg-atraso.rnp.br
1749896600,2025-06-14 07:23:20,gateway;No-Hostname;crj1-brj1.bkb.rnp.br;cmg1-crj1-telebras.bkb.rnp.br;cmg2-cmg1.bkb.rnp.br;lanmg2-cmg2.bkb.rnp.br;ptp-couve-almeirao.pop-mg.rnp.br;ptp-brigadeiro-couve.pop-mg.rnp.br;monipe-mg-atraso.rnp.br
1749897637,2025-06-14 07:40:37,gateway;No-Hostname;crj1-brj1.bkb.rnp.br;cmg1-crj1-telebras.bkb.rnp.br;cmg2-cmg1.bkb.rnp.br;lanmg2-cmg2.bkb.rnp.br;ptp-couve-almeirao.pop-mg.rnp.br;ptp-brigadeiro-couve.pop-mg.rnp.br;monipe-mg-atraso.rnp.br
1749897816,2025-06-14 07:43:36,gateway;No-Hostname;crj1-brj1.bkb.rnp.br;cmg1-crj1-telebras.bkb.rnp.br;cmg2-cmg1.bkb.rnp.br;lanmg2-cmg2.bkb.rnp.br;ptp-couve-almeirao.pop-mg.rnp.br;ptp-brigadeiro-couve.pop-mg.rnp.br;monipe-mg-atraso.rnp.br
1749898801,2025-06-14 08:00:01,gateway;No-Hostname;crj1-brj1.bkb.rnp.br;cmg1-crj1-telebras.bkb.rnp.br;cmg2-cmg1.bkb.rnp.br;lanmg2-cmg2.bkb.rnp.br;ptp-couve-almeirao.pop-mg.rnp.br;ptp-brigadeiro-couve.pop-mg.rnp.br;monipe-mg-atraso.rnp.br
1749899299,2025-06-14 08:08:19,gateway;No-Hostname;crj1-brj1.bkb.rnp.br;cmg1-crj1-telebras.bkb.rnp.br;cmg2-cmg1.bkb.rnp.br;lanmg2-cmg2.bkb.rnp.br;ptp-couve-almeirao.pop-mg.rnp.br;ptp-brigadeiro-couve.pop-mg.rnp.br;monipe-mg-atraso.rnp.br
1749899843,2025-06-14 08:17:23,gateway;No-Hostname;crj1-brj1.bkb.rnp.br;cmg1-crj1-telebras.bkb.rnp.br;cmg2-cmg1.bkb.rnp.br;lanmg2-cmg2.bkb.rnp.br;ptp-couve-almeirao.pop-mg.rnp.br;ptp-brigadeiro-couve.pop-mg.rnp.br;monipe-mg-atraso.rnp.br
1749900342,2025-06-14 08:25:42,gateway;No-Hostname;crj1-brj1.bkb.rnp.br;cmg1-crj1-telebras.bkb.rnp.br;cmg2-cmg1.bkb.rnp.br;lanmg2-cmg2.bkb.rnp.br;ptp-couve-almeirao.pop-mg.rnp.br;ptp-brigadeiro-couve.pop-mg.rnp.br;monipe-mg-atraso.rnp.br
1749901073,2025-06-14 08:37:53,gateway;No-Hostname;crj1-brj1.bkb.rnp.br;cmg1-crj1-telebras.bkb.rnp.br;cmg2-cmg1.bkb.rnp.br;lanmg2-cmg2.bkb.rnp.br;ptp-couve-almeirao.pop-mg.rnp.br;ptp-brigadeiro-couve.pop-mg.rnp.br;monipe-mg-atraso.rnp.br
1749901439,2025-06-14 08:43:59,gateway;No-Hostname;crj1-brj1.bkb.rnp.br;cmg1-crj1-telebras.bkb.rnp.br;cmg2-cmg1.bkb.rnp.br;lanmg2-cmg2.bkb.rnp.br;ptp-couve-almeirao.pop-mg.rnp.br;ptp-brigadeiro-couve.pop-mg.rnp.br;monipe-mg-atraso.rnp.br
1749902245,2025-06-14 08:57:25,gateway;No-Hostname;crj1-brj1.bkb.rnp.br;cmg1-crj1-telebras.bkb.rnp.br;cmg2-cmg1.bkb.rnp.br;lanmg2-cmg2.bkb.rnp.br;ptp-couve-almeirao.pop-mg.rnp.br;ptp-brigadeiro-couve.pop-mg.rnp.br;monipe-mg-atraso.rnp.br
1749903007,2025-06-14 09:10:07,gateway;No-Hostname;crj1-brj1.bkb.rnp.br;cmg1-crj1-telebras.bkb.rnp.br;cmg2-cmg1.bkb.rnp.br;lanmg2-cmg2.bkb.rnp.br;ptp-couve-almeirao.pop-mg.rnp.br;ptp-brigadeiro-couve.pop-mg.rnp.br;monipe-mg-atraso.rnp.br
1749903269,2025-06-14 09:14:29,gateway;No-Hostname;crj1-brj1.bkb.rnp.br;cmg1-crj1-telebras.bkb.rnp.br;cmg2-cmg1.bkb.rnp.br;lanmg2-cmg2.bkb.rnp.br;ptp-couve-almeirao.pop-mg.rnp.br;ptp-brigadeiro-couve.pop-mg.rnp.br;monipe-mg-atraso.rnp.br
1749904267,2025-06-14 09:31:07,gateway;No-Hostname;crj1-brj1.bkb.rnp.br;cmg1-crj1-telebras.bkb.rnp.br;cmg2-cmg1.bkb.rnp.br;lanmg2-cmg2.bkb.rnp.br;ptp-couve-almeirao.pop-mg.rnp.br;ptp-brigadeiro-couve.pop-mg.rnp.br;monipe-mg-atraso.rnp.br
1749904696,2025-06-14 09:38:16,gateway;No-Hostname;crj1-brj1.bkb.rnp.br;cmg1-crj1-telebras.bkb.rnp.br;cmg2-cmg1.bkb.rnp.br;lanmg2-cmg2.bkb.rnp.br;ptp-couve-almeirao.pop-mg.rnp.br;ptp-brigadeiro-couve.pop-mg.rnp.br;monipe-mg-atraso.rnp.br
1749905068,2025-06-14 09:44:28,gateway;No-Hostname;crj1-brj1.bkb.rnp.br;cmg1-crj1-telebras.bkb.rnp.br;cmg2-cmg1.bkb.rnp.br;lanmg2-cmg2.bkb.rnp.br;ptp-couve-almeirao.pop-mg.rnp.br;ptp-brigadeiro-couve.pop-mg.rnp.br;monipe-mg-atraso.rnp.br
1749905790,2025-06-14 09:56:30,gateway;No-Hostname;crj1-brj1.bkb.rnp.br;cmg1-crj1-telebras.bkb.rnp.br;cmg2-cmg1.bkb.rnp.br;lanmg2-cmg2.bkb.rnp.br;ptp-couve-almeirao.pop-mg.rnp.br;ptp-brigadeiro-couve.pop-mg.rnp.br;monipe-mg-atraso.rnp.br
1749906624,2025-06-14 10:10:24,gateway;No-Hostname;crj1-brj1.bkb.rnp.br;cmg1-crj1-telebras.bkb.rnp.br;cmg2-cmg1.bkb.rnp.br;lanmg2-cmg2.bkb.rnp.br;ptp-couve-almeirao.pop-mg.rnp.br;ptp-brigadeiro-couve.pop-mg.rnp.br;monipe-mg-atraso.rnp.br
1749906977,2025-06-14 10:16:17,gateway;No-Hostname;crj1-brj1.bkb.rnp.br;cmg1-crj1-telebras.bkb.rnp.br;cmg2-cmg1.bkb.rnp.br;lanmg2-cmg2.bkb.rnp.br;ptp-couve-almeirao.pop-mg.rnp.br;ptp-brigadeiro-couve.pop-mg.rnp.br;monipe-mg-atraso.rnp.br
1749907405,2025-06-14 10:23:25,gateway;No-Hostname;crj1-brj1.bkb.rnp.br;cmg1-crj1-telebras.bkb.rnp.br;cmg2-cmg1.bkb.rnp.br;lanmg2-cmg2.bkb.rnp.br;ptp-couve-almeirao.pop-mg.rnp.br;ptp-brigadeiro-couve.pop-mg.rnp.br;monipe-mg-atraso.rnp.br
1749908450,2025-06-14 10:40:50,gateway;No-Hostname;crj1-brj1.bkb.rnp.br;cmg1-crj1-telebras.bkb.rnp.br;cmg2-cmg1.bkb.rnp.br;lanmg2-cmg2.bkb.rnp.br;ptp-couve-almeirao.pop-mg.rnp.br;ptp-brigadeiro-couve.pop-mg.rnp.br;monipe-mg-atraso.rnp.br
1749908776,2025-06-14 10:46:16,gateway;No-Hostname;crj1-brj1.bkb.rnp.br;cmg1-crj1-telebras.bkb.rnp.br;cmg2-cmg1.bkb.rnp.br;lanmg2-cmg2.bkb.rnp.br;ptp-couve-almeirao.pop-mg.rnp.br;ptp-brigadeiro-couve.pop-mg.rnp.br;monipe-mg-atraso.rnp.br
1749909301,2025-06-14 10:55:01,gateway;No-Hostname;crj1-brj1.bkb.rnp.br;cmg1-crj1-telebras.bkb.rnp.br;cmg2-cmg1.bkb.rnp.br;lanmg2-cmg2.bkb.rnp.br;ptp-couve-almeirao.pop-mg.rnp.br;ptp-brigadeiro-couve.pop-mg.rnp.br;monipe-mg-atraso.rnp.br
1749909893,2025-06-14 11:04:53,gateway;No-Hostname;crj1-brj1.bkb.rnp.br;cmg1-crj1-telebras.bkb.rnp.br;cmg2-cmg1.bkb.rnp.br;lanmg2-cmg2.bkb.rnp.br;ptp-couve-almeirao.pop-mg.rnp.br;ptp-brigadeiro-couve.pop-mg.rnp.br;monipe-mg-atraso.rnp.br
1749910784,2025-06-14 11:19:44,gateway;No-Hostname;crj1-brj1.bkb.rnp.br;cmg1-crj1-telebras.bkb.rnp.br;cmg2-cmg1.bkb.rnp.br;lanmg2-cmg2.bkb.rnp.br;ptp-couve-almeirao.pop-mg.rnp.br;ptp-brigadeiro-couve.pop-mg.rnp.br;monipe-mg-atraso.rnp.br
1749910971,2025-06-14 11:22:51,gateway;No-Hostname;crj1-brj1.bkb.rnp.br;cmg1-crj1-telebras.bkb.rnp.br;cmg2-cmg1.bkb.rnp.br;lanmg2-cmg2.bkb.rnp.br;ptp-couve-almeirao.pop-mg.rnp.br;ptp-brigadeiro-couve.pop-mg.rnp.br;monipe-mg-atraso.rnp.br
1749911711,2025-06-14 11:35:11,gateway;No-Hostname;crj1-brj1.bkb.rnp.br;cmg1-crj1-telebras.bkb.rnp.br;cmg2-cmg1.bkb.rnp.br;lanmg2-cmg2.bkb.rnp.br;ptp-couve-almeirao.pop-mg.rnp.br;ptp-brigadeiro-couve.pop-mg.rnp.br;monipe-mg-atraso.rnp.br
1749912214,2025-06-14 11:43:34,gateway;No-Hostname;crj1-brj1.bkb.rnp.br;cmg1-crj1-telebras.bkb.rnp.br;cmg2-cmg1.bkb.rnp.br;lanmg2-cmg2.bkb.rnp.br;ptp-couve-almeirao.pop-mg.rnp.br;ptp-brigadeiro-couve.pop-mg.rnp.br;monipe-mg-atraso.rnp.br
1749913110,2025-06-14 11:58:30,gateway;No-Hostname;crj1-brj1.bkb.rnp.br;cmg1-crj1-telebras.bkb.rnp.br;cmg2-cmg1.bkb.rnp.br;lanmg2-cmg2.bkb.rnp.br;ptp-couve-almeirao.pop-mg.rnp.br;ptp-brigadeiro-couve.pop-mg.rnp.br;monipe-mg-atraso.rnp.br
1749913415,2025-06-14 12:03:35,gateway;No-Hostname;crj1-brj1.bkb.rnp.br;cmg1-crj1-telebras.bkb.rnp.br;cmg2-cmg1.bkb.rnp.br;lanmg2-cmg2.bkb.rnp.br;ptp-couve-almeirao.pop-mg.rnp.br;ptp-brigadeiro-couve.pop-mg.rnp.br;monipe-mg-atraso.rnp.br
1749913968,2025-06-14 12:12:48,gateway;No-Hostname;crj1-brj1.bkb.rnp.br;cmg1-crj1-telebras.bkb.rnp.br;cmg2-cmg1.bkb.rnp.br;lanmg2-cmg2.bkb.rnp.br;ptp-couve-almeirao.pop-mg.rnp.br;ptp-brigadeiro-couve.pop-mg.rnp.br;monipe-mg-atraso.rnp.br
1749914788,2025-06-14 12:26:28,gateway;No-Hostname;crj1-brj1.bkb.rnp.br;cmg1-crj1-telebras.bkb.rnp.br;cmg2-cmg1.bkb.rnp.br;lanmg2-cmg2.bkb.rnp.br;ptp-couve-almeirao.pop-mg.rnp.br;ptp-brigadeiro-couve.pop-mg.rnp.br;monipe-mg-atraso.rnp.br
1749915381,2025-06-14 12:36:21,gateway;No-Hostname;crj1-brj1.bkb.rnp.br;cmg1-crj1-telebras.bkb.rnp.br;cmg2-cmg1.bkb.rnp.br;lanmg2-cmg2.bkb.rnp.br;ptp-couve-almeirao.pop-mg.rnp.br;ptp-brigadeiro-couve.pop-mg.rnp.br;monipe-mg-atraso.rnp.br
1749916075,2025-06-14 12:47:55,gateway;No-Hostname;crj1-brj1.bkb.rnp.br;cmg1-crj1-telebras.bkb.rnp.br;cmg2-cmg1.bkb.rnp.br;lanmg2-cmg2.bkb.rnp.br;ptp-couve-almeirao.pop-mg.rnp.br;ptp-brigadeiro-couve.pop-mg.rnp.br;monipe-mg-atraso.rnp.br
1749916763,2025-06-14 12:59:23,gateway;No-Hostname;crj1-brj1.bkb.rnp.br;cmg1-crj1-telebras.bkb.rnp.br;cmg2-cmg1.bkb.rnp.br;lanmg2-cmg2.bkb.rnp.br;ptp-couve-almeirao.pop-mg.rnp.br;ptp-brigadeiro-couve.pop-mg.rnp.br;monipe-mg-atraso.rnp.br
1749917019,2025-06-14 13:03:39,gateway;No-Hostname;crj1-brj1.bkb.rnp.br;cmg1-crj1-telebras.bkb.rnp.br;cmg2-cmg1.bkb.rnp.br;lanmg2-cmg2.bkb.rnp.br;ptp-couve-almeirao.pop-mg.rnp.br;ptp-brigadeiro-couve.pop-mg.rnp.br;monipe-mg-atraso.rnp.br
1749917794,2025-06-14 13:16:34,gateway;No-Hostname;crj1-brj1.bkb.rnp.br;cmg1-crj1-telebras.bkb.rnp.br;cmg2-cmg1.bkb.rnp.br;lanmg2-cmg2.bkb.rnp.br;ptp-couve-almeirao.pop-mg.rnp.br;ptp-brigadeiro-couve.pop-mg.rnp.br;monipe-mg-atraso.rnp.br
1749918630,2025-06-14 13:30:30,gateway;No-Hostname;crj1-brj1.bkb.rnp.br;cmg1-crj1-telebras.bkb.rnp.br;cmg2-cmg1.bkb.rnp.br;lanmg2-cmg2.bkb.rnp.br;ptp-couve-almeirao.pop-mg.rnp.br;ptp-brigadeiro-couve.pop-mg.rnp.br;monipe-mg-atraso.rnp.br
1749919085,2025-06-14 13:38:05,gateway;No-Hostname;crj1-brj1.bkb.rnp.br;cmg1-crj1-telebras.bkb.rnp.br;cmg2-cmg1.bkb.rnp.br;lanmg2-cmg2.bkb.rnp.br;ptp-couve-almeirao.pop-mg.rnp.br;ptp-brigadeiro-couve.pop-mg.rnp.br;monipe-mg-atraso.rnp.br
1749919587,2025-06-14 13:46:27,gateway;No-Hostname;crj1-brj1.bkb.rnp.br;cmg1-crj1-telebras.bkb.rnp.br;cmg2-cmg1.bkb.rnp.br;lanmg2-cmg2.bkb.rnp.br;ptp-couve-almeirao.pop-mg.rnp.br;ptp-brigadeiro-couve.pop-mg.rnp.br;monipe-mg-atraso.rnp.br
1749920120,2025-06-14 13:55:20,gateway;No-Hostname;crj1-brj1.bkb.rnp.br;cmg1-crj1-telebras.bkb.rnp.br;cmg2-cmg1.bkb.rnp.br;lanmg2-cmg2.bkb.rnp.br;ptp-couve-almeirao.pop-mg.rnp.br;ptp-brigadeiro-couve.pop-mg.rnp.br;monipe-mg-atraso.rnp.br
1749920676,2025-06-14 14:04:36,gateway;No-Hostname;crj1-brj1.bkb.rnp.br;cmg1-crj1-telebras.bkb.rnp.br;cmg2-cmg1.bkb.rnp.br;lanmg2-cmg2.bkb.rnp.br;ptp-couve-almeirao.pop-mg.rnp.br;ptp-brigadeiro-couve.pop-mg.rnp.br;monipe-mg-atraso.rnp.br
1749921631,2025-06-14 14:20:31,gateway;No-Hostname;crj1-brj1.bkb.rnp.br;cmg1-crj1-telebras.bkb.rnp.br;cmg2-cmg1.bkb.rnp.br;lanmg2-cmg2.bkb.rnp.br;ptp-couve-almeirao.pop-mg.rnp.br;ptp-brigadeiro-couve.pop-mg.rnp.br;monipe-mg-atraso.rnp.br
1749922244,2025-06-14 14:30:44,gateway;No-Hostname;crj1-brj1.bkb.rnp.br;cmg1-crj1-telebras.bkb.rnp.br;cmg2-cmg1.bkb.rnp.br;lanmg2-cmg2.bkb.rnp.br;ptp-couve-almeirao.pop-mg.rnp.br;ptp-brigadeiro-couve.pop-mg.rnp.br;monipe-mg-atraso.rnp.br
1749922543,2025-06-14 14:35:43,gateway;No-Hostname;crj1-brj1.bkb.rnp.br;cmg1-crj1-telebras.bkb.rnp.br;cmg2-cmg1.bkb.rnp.br;lanmg2-cmg2.bkb.rnp.br;ptp-couve-almeirao.pop-mg.rnp.br;ptp-brigadeiro-couve.pop-mg.rnp.br;monipe-mg-atraso.rnp.br
1749923252,2025-06-14 14:47:32,gateway;No-Hostname;crj1-brj1.bkb.rnp.br;cmg1-crj1-telebras.bkb.rnp.br;cmg2-cmg1.bkb.rnp.br;lanmg2-cmg2.bkb.rnp.br;ptp-couve-almeirao.pop-mg.rnp.br;ptp-brigadeiro-couve.pop-mg.rnp.br;monipe-mg-atraso.rnp.br
1749923584,2025-06-14 14:53:04,gateway;No-Hostname;crj1-brj1.bkb.rnp.br;cmg1-crj1-telebras.bkb.rnp.br;cmg2-cmg1.bkb.rnp.br;lanmg2-cmg2.bkb.rnp.br;ptp-couve-almeirao.pop-mg.rnp.br;ptp-brigadeiro-couve.pop-mg.rnp.br;monipe-mg-atraso.rnp.br
1749924245,2025-06-14 15:04:05,gateway;No-Hostname;crj1-brj1.bkb.rnp.br;cmg1-crj1-telebras.bkb.rnp.br;cmg2-cmg1.bkb.rnp.br;lanmg2-cmg2.bkb.rnp.br;ptp-couve-almeirao.pop-mg.rnp.br;ptp-brigadeiro-couve.pop-mg.rnp.br;monipe-mg-atraso.rnp.br
1749925203,2025-06-14 15:20:03,gateway;No-Hostname;crj1-brj1.bkb.rnp.br;cmg1-crj1-telebras.bkb.rnp.br;cmg2-cmg1.bkb.rnp.br;lanmg2-cmg2.bkb.rnp.br;ptp-couve-almeirao.pop-mg.rnp.br;ptp-brigadeiro-couve.pop-mg.rnp.br;monipe-mg-atraso.rnp.br
1749925765,2025-06-14 15:29:25,gateway;No-Hostname;crj1-brj1.bkb.rnp.br;cmg1-crj1-telebras.bkb.rnp.br;cmg2-cmg1.bkb.rnp.br;lanmg2-cmg2.bkb.rnp.br;ptp-couve-almeirao.pop-mg.rnp.br;ptp-brigadeiro-couve.pop-mg.rnp.br;monipe-mg-atraso.rnp.br
1749926159,2025-06-14 15:35:59,gateway;No-Hostname;crj1-brj1.bkb.rnp.br;cmg1-crj1-telebras.bkb.rnp.br;cmg2-cmg1.bkb.rnp.br;lanmg2-cmg2.bkb.rnp.br;ptp-couve-almeirao.pop-mg.rnp.br;ptp-brigadeiro-couve.pop-mg.rnp.br;monipe-mg-atraso.rnp.br
1749927013,2025-06-14 15:50:13,gateway;No-Hostname;crj1-brj1.bkb.rnp.br;cmg1-crj1-telebras.bkb.rnp.br;cmg2-cmg1.bkb.rnp.br;lanmg2-cmg2.bkb.rnp.br;ptp-couve-almeirao.pop-mg.rnp.br;ptp-brigadeiro-couve.pop-mg.rnp.br;monipe-mg-atraso.rnp.br
1749927353,2025-06-14 15:55:53,gateway;No-Hostname;crj1-brj1.bkb.rnp.br;cmg1-crj1-telebras.bkb.rnp.br;cmg2-cmg1.bkb.rnp.br;lanmg2-cmg2.bkb.rnp.br;ptp-couve-almeirao.pop-mg.rnp.br;ptp-brigadeiro-couve.pop-mg.rnp.br;monipe-mg-atraso.rnp.br
1749928137,2025-06-14 16:08:57,gateway;No-Hostname;crj1-brj1.bkb.rnp.br;cmg1-crj1-telebras.bkb.rnp.br;cmg2-cmg1.bkb.rnp.br;lanmg2-cmg2.bkb.rnp.br;ptp-couve-almeirao.pop-mg.rnp.br;ptp-brigadeiro-couve.pop-mg.rnp.br;monipe-mg-atraso.rnp.br
1749928616,2025-06-14 16:16:56,gateway;No-Hostname;crj1-brj1.bkb.rnp.br;cmg1-crj1-telebras.bkb.rnp.br;cmg2-cmg1.bkb.rnp.br;lanmg2-cmg2.bkb.rnp.br;ptp-couve-almeirao.pop-mg.rnp.br;ptp-brigadeiro-couve.pop-mg.rnp.br;monipe-mg-atraso.rnp.br
1749929409,2025-06-14 16:30:09,gateway;No-Hostname;crj1-brj1.bkb.rnp.br;cmg1-crj1-telebras.bkb.rnp.br;cmg2-cmg1.bkb.rnp.br;lanmg2-cmg2.bkb.rnp.br;ptp-couve-almeirao.pop-mg.rnp.br;ptp-brigadeiro-couve.pop-mg.rnp.br;monipe-mg-atraso.rnp.br
1749929710,2025-06-14 16:35:10,gateway;No-Hostname;crj1-brj1.bkb.rnp.br;cmg1-crj1-telebras.bkb.rnp.br;cmg2-cmg1.bkb.rnp.br;lanmg2-cmg2.bkb.rnp.br;ptp-couve-almeirao.pop-mg.rnp.br;ptp-brigadeiro-couve.pop-mg.rnp.br;monipe-mg-atraso.rnp.br
1749930597,2025-06-14 16:49:57,gateway;No-Hostname;crj1-brj1.bkb.rnp.br;cmg1-crj1-telebras.bkb.rnp.br;cmg2-cmg1.bkb.rnp.br;lanmg2-cmg2.bkb.rnp.br;ptp-couve-almeirao.pop-mg.rnp.br;ptp-brigadeiro-couve.pop-mg.rnp.br;monipe-mg-atraso.rnp.br
1749931017,2025-06-14 16:56:57,gateway;No-Hostname;crj1-brj1.bkb.rnp.br;cmg1-crj1-telebras.bkb.rnp.br;cmg2-cmg1.bkb.rnp.br;lanmg2-cmg2.bkb.rnp.br;ptp-couve-almeirao.pop-mg.rnp.br;ptp-brigadeiro-couve.pop-mg.rnp.br;monipe-mg-atraso.rnp.br
1749931552,2025-06-14 17:05:52,gateway;No-Hostname;crj1-brj1.bkb.rnp.br;cmg1-crj1-telebras.bkb.rnp.br;cmg2-cmg1.bkb.rnp.br;lanmg2-cmg2.bkb.rnp.br;ptp-couve-almeirao.pop-mg.rnp.br;ptp-brigadeiro-couve.pop-mg.rnp.br;monipe-mg-atraso.rnp.br
1749932292,2025-06-14 17:18:12,gateway;No-Hostname;crj1-brj1.bkb.rnp.br;crj2-crj1.bkb.rnp.br;csp2-crj2-infobarra.bkb.rnp.br;cmg2-csp2-infobarra.bkb.rnp.br;lanmg2-cmg2.bkb.rnp.br;ptp-couve-almeirao.pop-mg.rnp.br;ptp-brigadeiro-couve.pop-mg.rnp.br;monipe-mg-atraso.rnp.br
1749932679,2025-06-14 17:24:39,gateway;No-Hostname;crj1-brj1.bkb.rnp.br;cmg1-crj1-telebras.bkb.rnp.br;cmg2-cmg1.bkb.rnp.br;lanmg2-cmg2.bkb.rnp.br;ptp-couve-almeirao.pop-mg.rnp.br;ptp-brigadeiro-couve.pop-mg.rnp.br;monipe-mg-atraso.rnp.br
1749933533,2025-06-14 17:38:53,gateway;No-Hostname;crj1-brj1.bkb.rnp.br;cmg1-crj1-telebras.bkb.rnp.br;cmg2-cmg1.bkb.rnp.br;lanmg2-cmg2.bkb.rnp.br;ptp-couve-almeirao.pop-mg.rnp.br;ptp-brigadeiro-couve.pop-mg.rnp.br;monipe-mg-atraso.rnp.br
1749933887,2025-06-14 17:44:47,gateway;No-Hostname;crj1-brj1.bkb.rnp.br;cmg1-crj1-telebras.bkb.rnp.br;cmg2-cmg1.bkb.rnp.br;lanmg2-cmg2.bkb.rnp.br;ptp-couve-almeirao.pop-mg.rnp.br;ptp-brigadeiro-couve.pop-mg.rnp.br;monipe-mg-atraso.rnp.br
1749934459,2025-06-14 17:54:19,gateway;No-Hostname;crj1-brj1.bkb.rnp.br;cmg1-crj1-telebras.bkb.rnp.br;cmg2-cmg1.bkb.rnp.br;lanmg2-cmg2.bkb.rnp.br;ptp-couve-almeirao.pop-mg.rnp.br;ptp-brigadeiro-couve.pop-mg.rnp.br;monipe-mg-atraso.rnp.br
1749934991,2025-06-14 18:03:11,gateway;No-Hostname;crj1-brj1.bkb.rnp.br;cmg1-crj1-telebras.bkb.rnp.br;cmg2-cmg1.bkb.rnp.br;lanmg2-cmg2.bkb.rnp.br;ptp-couve-almeirao.pop-mg.rnp.br;ptp-brigadeiro-couve.pop-mg.rnp.br;monipe-mg-atraso.rnp.br
1749935619,2025-06-14 18:13:39,gateway;No-Hostname;crj1-brj1.bkb.rnp.br;cmg1-crj1-telebras.bkb.rnp.br;cmg2-cmg1.bkb.rnp.br;lanmg2-cmg2.bkb.rnp.br;ptp-couve-almeirao.pop-mg.rnp.br;ptp-brigadeiro-couve.pop-mg.rnp.br;monipe-mg-atraso.rnp.br
1749936301,2025-06-14 18:25:01,gateway;No-Hostname;crj1-brj1.bkb.rnp.br;cmg1-crj1-telebras.bkb.rnp.br;cmg2-cmg1.bkb.rnp.br;lanmg2-cmg2.bkb.rnp.br;ptp-couve-almeirao.pop-mg.rnp.br;ptp-brigadeiro-couve.pop-mg.rnp.br;monipe-mg-atraso.rnp.br
1749937269,2025-06-14 18:41:09,gateway;No-Hostname;crj1-brj1.bkb.rnp.br;cmg1-crj1-telebras.bkb.rnp.br;cmg2-cmg1.bkb.rnp.br;lanmg2-cmg2.bkb.rnp.br;ptp-couve-almeirao.pop-mg.rnp.br;ptp-brigadeiro-couve.pop-mg.rnp.br;monipe-mg-atraso.rnp.br
1749937813,2025-06-14 18:50:13,gateway;No-Hostname;crj1-brj1.bkb.rnp.br;cmg1-crj1-telebras.bkb.rnp.br;cmg2-cmg1.bkb.rnp.br;lanmg2-cmg2.bkb.rnp.br;ptp-couve-almeirao.pop-mg.rnp.br;ptp-brigadeiro-couve.pop-mg.rnp.br;monipe-mg-atraso.rnp.br
1749938139,2025-06-14 18:55:39,gateway;No-Hostname;crj1-brj1.bkb.rnp.br;cmg1-crj1-telebras.bkb.rnp.br;cmg2-cmg1.bkb.rnp.br;lanmg2-cmg2.bkb.rnp.br;ptp-couve-almeirao.pop-mg.rnp.br;ptp-brigadeiro-couve.pop-mg.rnp.br;monipe-mg-atraso.rnp.br
1749938609,2025-06-14 19:03:29,gateway;No-Hostname;crj1-brj1.bkb.rnp.br;cmg1-crj1-telebras.bkb.rnp.br;cmg2-cmg1.bkb.rnp.br;lanmg2-cmg2.bkb.rnp.br;ptp-couve-almeirao.pop-mg.rnp.br;ptp-brigadeiro-couve.pop-mg.rnp.br;monipe-mg-atraso.rnp.br
1749939551,2025-06-14 19:19:11,gateway;No-Hostname;crj1-brj1.bkb.rnp.br;cmg1-crj1-telebras.bkb.rnp.br;cmg2-cmg1.bkb.rnp.br;lanmg2-cmg2.bkb.rnp.br;ptp-couve-almeirao.pop-mg.rnp.br;ptp-brigadeiro-couve.pop-mg.rnp.br;monipe-mg-atraso.rnp.br
1749939855,2025-06-14 19:24:15,gateway;No-Hostname;crj1-brj1.bkb.rnp.br;cmg1-crj1-telebras.bkb.rnp.br;cmg2-cmg1.bkb.rnp.br;lanmg2-cmg2.bkb.rnp.br;ptp-couve-almeirao.pop-mg.rnp.br;ptp-brigadeiro-couve.pop-mg.rnp.br;monipe-mg-atraso.rnp.br
1749940489,2025-06-14 19:34:49,gateway;No-Hostname;crj1-brj1.bkb.rnp.br;cmg1-crj1-telebras.bkb.rnp.br;cmg2-cmg1.bkb.rnp.br;lanmg2-cmg2.bkb.rnp.br;ptp-couve-almeirao.pop-mg.rnp.br;ptp-brigadeiro-couve.pop-mg.rnp.br;monipe-mg-atraso.rnp.br
1749941400,2025-06-14 19:50:00,gateway;No-Hostname;crj1-brj1.bkb.rnp.br;cmg1-crj1-telebras.bkb.rnp.br;cmg2-cmg1.bkb.rnp.br;lanmg2-cmg2.bkb.rnp.br;ptp-couve-almeirao.pop-mg.rnp.br;ptp-brigadeiro-couve.pop-mg.rnp.br;monipe-mg-atraso.rnp.br
1749941686,2025-06-14 19:54:46,gateway;No-Hostname;crj1-brj1.bkb.rnp.br;cmg1-crj1-telebras.bkb.rnp.br;cmg2-cmg1.bkb.rnp.br;lanmg2-cmg2.bkb.rnp.br;ptp-couve-almeirao.pop-mg.rnp.br;ptp-brigadeiro-couve.pop-mg.rnp.br;monipe-mg-atraso.rnp.br
1749942559,2025-06-14 20:09:19,gateway;No-Hostname;crj1-brj1.bkb.rnp.br;cmg1-crj1-telebras.bkb.rnp.br;cmg2-cmg1.bkb.rnp.br;lanmg2-cmg2.bkb.rnp.br;ptp-couve-almeirao.pop-mg.rnp.br;ptp-brigadeiro-couve.pop-mg.rnp.br;monipe-mg-atraso.rnp.br
1749943273,2025-06-14 20:21:13,gateway;No-Hostname;crj1-brj1.bkb.rnp.br;cmg1-crj1-telebras.bkb.rnp.br;cmg2-cmg1.bkb.rnp.br;lanmg2-cmg2.bkb.rnp.br;ptp-couve-almeirao.pop-mg.rnp.br;ptp-brigadeiro-couve.pop-mg.rnp.br;monipe-mg-atraso.rnp.br
1749943569,2025-06-14 20:26:09,gateway;No-Hostname;crj1-brj1.bkb.rnp.br;cmg1-crj1-telebras.bkb.rnp.br;cmg2-cmg1.bkb.rnp.br;lanmg2-cmg2.bkb.rnp.br;ptp-couve-almeirao.pop-mg.rnp.br;ptp-brigadeiro-couve.pop-mg.rnp.br;monipe-mg-atraso.rnp.br
1749943881,2025-06-14 20:31:21,gateway;No-Hostname;crj1-brj1.bkb.rnp.br;cmg1-crj1-telebras.bkb.rnp.br;cmg2-cmg1.bkb.rnp.br;lanmg2-cmg2.bkb.rnp.br;ptp-couve-almeirao.pop-mg.rnp.br;ptp-brigadeiro-couve.pop-mg.rnp.br;monipe-mg-atraso.rnp.br
1749944590,2025-06-14 20:43:10,gateway;No-Hostname;crj1-brj1.bkb.rnp.br;cmg1-crj1-telebras.bkb.rnp.br;cmg2-cmg1.bkb.rnp.br;lanmg2-cmg2.bkb.rnp.br;ptp-couve-almeirao.pop-mg.rnp.br;ptp-brigadeiro-couve.pop-mg.rnp.br;monipe-mg-atraso.rnp.br
1749944712,2025-06-14 20:45:12,gateway;No-Hostname;crj1-brj1.bkb.rnp.br;cmg1-crj1-telebras.bkb.rnp.br;cmg2-cmg1.bkb.rnp.br;lanmg2-cmg2.bkb.rnp.br;ptp-couve-almeirao.pop-mg.rnp.br;ptp-brigadeiro-couve.pop-mg.rnp.br;monipe-mg-atraso.rnp.br
1749945429,2025-06-14 20:57:09,gateway;No-Hostname;crj1-brj1.bkb.rnp.br;cmg1-crj1-telebras.bkb.rnp.br;cmg2-cmg1.bkb.rnp.br;lanmg2-cmg2.bkb.rnp.br;ptp-couve-almeirao.pop-mg.rnp.br;ptp-brigadeiro-couve.pop-mg.rnp.br;monipe-mg-atraso.rnp.br
1749946173,2025-06-14 21:09:33,gateway;No-Hostname;crj1-brj1.bkb.rnp.br;cmg1-crj1-telebras.bkb.rnp.br;cmg2-cmg1.bkb.rnp.br;lanmg2-cmg2.bkb.rnp.br;ptp-couve-almeirao.pop-mg.rnp.br;ptp-brigadeiro-couve.pop-mg.rnp.br;monipe-mg-atraso.rnp.br
1749946762,2025-06-14 21:19:22,gateway;No-Hostname;crj1-brj1.bkb.rnp.br;cmg1-crj1-telebras.bkb.rnp.br;cmg2-cmg1.bkb.rnp.br;lanmg2-cmg2.bkb.rnp.br;ptp-couve-almeirao.pop-mg.rnp.br;ptp-brigadeiro-couve.pop-mg.rnp.br;monipe-mg-atraso.rnp.br
1749947391,2025-06-14 21:29:51,gateway;No-Hostname;crj1-brj1.bkb.rnp.br;cmg1-crj1-telebras.bkb.rnp.br;cmg2-cmg1.bkb.rnp.br;lanmg2-cmg2.bkb.rnp.br;ptp-couve-almeirao.pop-mg.rnp.br;ptp-brigadeiro-couve.pop-mg.rnp.br;monipe-mg-atraso.rnp.br
1749948190,2025-06-14 21:43:10,gateway;No-Hostname;crj1-brj1.bkb.rnp.br;cmg1-crj1-telebras.bkb.rnp.br;cmg2-cmg1.bkb.rnp.br;lanmg2-cmg2.bkb.rnp.br;ptp-couve-almeirao.pop-mg.rnp.br;ptp-brigadeiro-couve.pop-mg.rnp.br;monipe-mg-atraso.rnp.br
1749948326,2025-06-14 21:45:26,gateway;No-Hostname;crj1-brj1.bkb.rnp.br;cmg1-crj1-telebras.bkb.rnp.br;cmg2-cmg1.bkb.rnp.br;lanmg2-cmg2.bkb.rnp.br;ptp-couve-almeirao.pop-mg.rnp.br;ptp-brigadeiro-couve.pop-mg.rnp.br;monipe-mg-atraso.rnp.br
1749949404,2025-06-14 22:03:24,gateway;No-Hostname;crj1-brj1.bkb.rnp.br;cmg1-crj1-telebras.bkb.rnp.br;cmg2-cmg1.bkb.rnp.br;lanmg2-cmg2.bkb.rnp.br;ptp-couve-almeirao.pop-mg.rnp.br;ptp-brigadeiro-couve.pop-mg.rnp.br;monipe-mg-atraso.rnp.br
1749949876,2025-06-14 22:11:16,gateway;No-Hostname;crj1-brj1.bkb.rnp.br;cmg1-crj1-telebras.bkb.rnp.br;cmg2-cmg1.bkb.rnp.br;lanmg2-cmg2.bkb.rnp.br;ptp-couve-almeirao.pop-mg.rnp.br;ptp-brigadeiro-couve.pop-mg.rnp.br;monipe-mg-atraso.rnp.br
1749950200,2025-06-14 22:16:40,gateway;No-Hostname;crj1-brj1.bkb.rnp.br;cmg1-crj1-telebras.bkb.rnp.br;cmg2-cmg1.bkb.rnp.br;lanmg2-cmg2.bkb.rnp.br;ptp-couve-almeirao.pop-mg.rnp.br;ptp-brigadeiro-couve.pop-mg.rnp.br;monipe-mg-atraso.rnp.br
1749951002,2025-06-14 22:30:02,gateway;No-Hostname;crj1-brj1.bkb.rnp.br;cmg1-crj1-telebras.bkb.rnp.br;cmg2-cmg1.bkb.rnp.br;lanmg2-cmg2.bkb.rnp.br;ptp-couve-almeirao.pop-mg.rnp.br;ptp-brigadeiro-couve.pop-mg.rnp.br;monipe-mg-atraso.rnp.br
1749951535,2025-06-14 22:38:55,gateway;No-Hostname;crj1-brj1.bkb.rnp.br;cmg1-crj1-telebras.bkb.rnp.br;cmg2-cmg1.bkb.rnp.br;lanmg2-cmg2.bkb.rnp.br;ptp-couve-almeirao.pop-mg.rnp.br;ptp-brigadeiro-couve.pop-mg.rnp.br;monipe-mg-atraso.rnp.br
1749951977,2025-06-14 22:46:17,gateway;No-Hostname;crj1-brj1.bkb.rnp.br;cmg1-crj1-telebras.bkb.rnp.br;cmg2-cmg1.bkb.rnp.br;lanmg2-cmg2.bkb.rnp.br;ptp-couve-almeirao.pop-mg.rnp.br;ptp-brigadeiro-couve.pop-mg.rnp.br;monipe-mg-atraso.rnp.br
1749952562,2025-06-14 22:56:02,gateway;No-Hostname;crj1-brj1.bkb.rnp.br;cmg1-crj1-telebras.bkb.rnp.br;cmg2-cmg1.bkb.rnp.br;lanmg2-cmg2.bkb.rnp.br;ptp-couve-almeirao.pop-mg.rnp.br;ptp-brigadeiro-couve.pop-mg.rnp.br;monipe-mg-atraso.rnp.br
1749953112,2025-06-14 23:05:12,gateway;No-Hostname;crj1-brj1.bkb.rnp.br;cmg1-crj1-telebras.bkb.rnp.br;cmg2-cmg1.bkb.rnp.br;lanmg2-cmg2.bkb.rnp.br;ptp-couve-almeirao.pop-mg.rnp.br;ptp-brigadeiro-couve.pop-mg.rnp.br;monipe-mg-atraso.rnp.br
1749953705,2025-06-14 23:15:05,gateway;No-Hostname;crj1-brj1.bkb.rnp.br;cmg1-crj1-telebras.bkb.rnp.br;cmg2-cmg1.bkb.rnp.br;lanmg2-cmg2.bkb.rnp.br;ptp-couve-almeirao.pop-mg.rnp.br;ptp-brigadeiro-couve.pop-mg.rnp.br;monipe-mg-atraso.rnp.br
1749954468,2025-06-14 23:27:48,gateway;No-Hostname;crj1-brj1.bkb.rnp.br;cmg1-crj1-telebras.bkb.rnp.br;cmg2-cmg1.bkb.rnp.br;lanmg2-cmg2.bkb.rnp.br;ptp-couve-almeirao.pop-mg.rnp.br;ptp-brigadeiro-couve.pop-mg.rnp.br;monipe-mg-atraso.rnp.br
1749955404,2025-06-14 23:43:24,gateway;No-Hostname;crj1-brj1.bkb.rnp.br;cmg1-crj1-telebras.bkb.rnp.br;cmg2-cmg1.bkb.rnp.br;lanmg2-cmg2.bkb.rnp.br;ptp-couve-almeirao.pop-mg.rnp.br;ptp-brigadeiro-couve.pop-mg.rnp.br;monipe-mg-atraso.rnp.br
1749955947,2025-06-14 23:52:27,gateway;No-Hostname;crj1-brj1.bkb.rnp.br;cmg1-crj1-telebras.bkb.rnp.br;cmg2-cmg1.bkb.rnp.br;lanmg2-cmg2.bkb.rnp.br;ptp-couve-almeirao.pop-mg.rnp.br;ptp-brigadeiro-couve.pop-mg.rnp.br;monipe-mg-atraso.rnp.br
1749956552,2025-06-15 00:02:32,gateway;No-Hostname;crj1-brj1.bkb.rnp.br;cmg1-crj1-telebras.bkb.rnp.br;cmg2-cmg1.bkb.rnp.br;lanmg2-cmg2.bkb.rnp.br;ptp-couve-almeirao.pop-mg.rnp.br;ptp-brigadeiro-couve.pop-mg.rnp.br;monipe-mg-atraso.rnp.br
1749957147,2025-06-15 00:12:27,gateway;No-Hostname;crj1-brj1.bkb.rnp.br;cmg1-crj1-telebras.bkb.rnp.br;cmg2-cmg1.bkb.rnp.br;lanmg2-cmg2.bkb.rnp.br;ptp-couve-almeirao.pop-mg.rnp.br;ptp-brigadeiro-couve.pop-mg.rnp.br;monipe-mg-atraso.rnp.br
1749957715,2025-06-15 00:21:55,gateway;No-Hostname;crj1-brj1.bkb.rnp.br;cmg1-crj1-telebras.bkb.rnp.br;cmg2-cmg1.bkb.rnp.br;lanmg2-cmg2.bkb.rnp.br;ptp-couve-almeirao.pop-mg.rnp.br;ptp-brigadeiro-couve.pop-mg.rnp.br;monipe-mg-atraso.rnp.br
1749958311,2025-06-15 00:31:51,gateway;No-Hostname;crj1-brj1.bkb.rnp.br;cmg1-crj1-telebras.bkb.rnp.br;cmg2-cmg1.bkb.rnp.br;lanmg2-cmg2.bkb.rnp.br;ptp-couve-almeirao.pop-mg.rnp.br;ptp-brigadeiro-couve.pop-mg.rnp.br;monipe-mg-atraso.rnp.br
1749959020,2025-06-15 00:43:40,gateway;No-Hostname;crj1-brj1.bkb.rnp.br;cmg1-crj1-telebras.bkb.rnp.br;cmg2-cmg1.bkb.rnp.br;lanmg2-cmg2.bkb.rnp.br;ptp-couve-almeirao.pop-mg.rnp.br;ptp-brigadeiro-couve.pop-mg.rnp.br;monipe-mg-atraso.rnp.br
1749959231,2025-06-15 00:47:11,gateway;No-Hostname;crj1-brj1.bkb.rnp.br;cmg1-crj1-telebras.bkb.rnp.br;cmg2-cmg1.bkb.rnp.br;lanmg2-cmg2.bkb.rnp.br;ptp-couve-almeirao.pop-mg.rnp.br;ptp-brigadeiro-couve.pop-mg.rnp.br;monipe-mg-atraso.rnp.br
1749959735,2025-06-15 00:55:35,gateway;No-Hostname;crj1-brj1.bkb.rnp.br;cmg1-crj1-telebras.bkb.rnp.br;cmg2-cmg1.bkb.rnp.br;lanmg2-cmg2.bkb.rnp.br;ptp-couve-almeirao.pop-mg.rnp.br;ptp-brigadeiro-couve.pop-mg.rnp.br;monipe-mg-atraso.rnp.br
1749960825,2025-06-15 01:13:45,gateway;No-Hostname;crj1-brj1.bkb.rnp.br;cmg1-crj1-telebras.bkb.rnp.br;cmg2-cmg1.bkb.rnp.br;lanmg2-cmg2.bkb.rnp.br;ptp-couve-almeirao.pop-mg.rnp.br;ptp-brigadeiro-couve.pop-mg.rnp.br;monipe-mg-atraso.rnp.br
1749961141,2025-06-15 01:19:01,gateway;No-Hostname;crj1-brj1.bkb.rnp.br;cmg1-crj1-telebras.bkb.rnp.br;cmg2-cmg1.bkb.rnp.br;lanmg2-cmg2.bkb.rnp.br;ptp-couve-almeirao.pop-mg.rnp.br;ptp-brigadeiro-couve.pop-mg.rnp.br;monipe-mg-atraso.rnp.br
1749961946,2025-06-15 01:32:26,gateway;No-Hostname;crj1-brj1.bkb.rnp.br;cmg1-crj1-telebras.bkb.rnp.br;cmg2-cmg1.bkb.rnp.br;lanmg2-cmg2.bkb.rnp.br;ptp-couve-almeirao.pop-mg.rnp.br;ptp-brigadeiro-couve.pop-mg.rnp.br;monipe-mg-atraso.rnp.br
1749962185,2025-06-15 01:36:25,gateway;No-Hostname;crj1-brj1.bkb.rnp.br;cmg1-crj1-telebras.bkb.rnp.br;cmg2-cmg1.bkb.rnp.br;lanmg2-cmg2.bkb.rnp.br;ptp-couve-almeirao.pop-mg.rnp.br;ptp-brigadeiro-couve.pop-mg.rnp.br;monipe-mg-atraso.rnp.br
1749963130,2025-06-15 01:52:10,gateway;No-Hostname;crj1-brj1.bkb.rnp.br;cmg1-crj1-telebras.bkb.rnp.br;cmg2-cmg1.bkb.rnp.br;lanmg2-cmg2.bkb.rnp.br;ptp-couve-almeirao.pop-mg.rnp.br;ptp-brigadeiro-couve.pop-mg.rnp.br;monipe-mg-atraso.rnp.br
1749963626,2025-06-15 02:00:26,gateway;No-Hostname;crj1-brj1.bkb.rnp.br;cmg1-crj1-telebras.bkb.rnp.br;cmg2-cmg1.bkb.rnp.br;lanmg2-cmg2.bkb.rnp.br;ptp-couve-almeirao.pop-mg.rnp.br;ptp-brigadeiro-couve.pop-mg.rnp.br;monipe-mg-atraso.rnp.br
1749963929,2025-06-15 02:05:29,gateway;No-Hostname;crj1-brj1.bkb.rnp.br;cmg1-crj1-telebras.bkb.rnp.br;cmg2-cmg1.bkb.rnp.br;lanmg2-cmg2.bkb.rnp.br;ptp-couve-almeirao.pop-mg.rnp.br;ptp-brigadeiro-couve.pop-mg.rnp.br;monipe-mg-atraso.rnp.br
1749964528,2025-06-15 02:15:28,gateway;No-Hostname;crj1-brj1.bkb.rnp.br;cmg1-crj1-telebras.bkb.rnp.br;cmg2-cmg1.bkb.rnp.br;lanmg2-cmg2.bkb.rnp.br;ptp-couve-almeirao.pop-mg.rnp.br;ptp-brigadeiro-couve.pop-mg.rnp.br;monipe-mg-atraso.rnp.br
1749965374,2025-06-15 02:29:34,gateway;No-Hostname;crj1-brj1.bkb.rnp.br;cmg1-crj1-telebras.bkb.rnp.br;cmg2-cmg1.bkb.rnp.br;lanmg2-cmg2.bkb.rnp.br;ptp-couve-almeirao.pop-mg.rnp.br;ptp-brigadeiro-couve.pop-mg.rnp.br;monipe-mg-atraso.rnp.br
1749965939,2025-06-15 02:38:59,gateway;No-Hostname;crj1-brj1.bkb.rnp.br;cmg1-crj1-telebras.bkb.rnp.br;cmg2-cmg1.bkb.rnp.br;lanmg2-cmg2.bkb.rnp.br;ptp-couve-almeirao.pop-mg.rnp.br;ptp-brigadeiro-couve.pop-mg.rnp.br;monipe-mg-atraso.rnp.br
1749966531,2025-06-15 02:48:51,gateway;No-Hostname;crj1-brj1.bkb.rnp.br;cmg1-crj1-telebras.bkb.rnp.br;cmg2-cmg1.bkb.rnp.br;lanmg2-cmg2.bkb.rnp.br;ptp-couve-almeirao.pop-mg.rnp.br;ptp-brigadeiro-couve.pop-mg.rnp.br;monipe-mg-atraso.rnp.br
1749967399,2025-06-15 03:03:19,gateway;No-Hostname;crj1-brj1.bkb.rnp.br;cmg1-crj1-telebras.bkb.rnp.br;cmg2-cmg1.bkb.rnp.br;lanmg2-cmg2.bkb.rnp.br;ptp-couve-almeirao.pop-mg.rnp.br;ptp-brigadeiro-couve.pop-mg.rnp.br;monipe-mg-atraso.rnp.br
1749967672,2025-06-15 03:07:52,gateway;No-Hostname;crj1-brj1.bkb.rnp.br;cmg1-crj1-telebras.bkb.rnp.br;cmg2-cmg1.bkb.rnp.br;lanmg2-cmg2.bkb.rnp.br;ptp-couve-almeirao.pop-mg.rnp.br;ptp-brigadeiro-couve.pop-mg.rnp.br;monipe-mg-atraso.rnp.br
1749968205,2025-06-15 03:16:45,gateway;No-Hostname;crj1-brj1.bkb.rnp.br;cmg1-crj1-telebras.bkb.rnp.br;cmg2-cmg1.bkb.rnp.br;lanmg2-cmg2.bkb.rnp.br;ptp-couve-almeirao.pop-mg.rnp.br;ptp-brigadeiro-couve.pop-mg.rnp.br;monipe-mg-atraso.rnp.br
1749968738,2025-06-15 03:25:38,gateway;No-Hostname;crj1-brj1.bkb.rnp.br;cmg1-crj1-telebras.bkb.rnp.br;cmg2-cmg1.bkb.rnp.br;lanmg2-cmg2.bkb.rnp.br;ptp-couve-almeirao.pop-mg.rnp.br;ptp-brigadeiro-couve.pop-mg.rnp.br;monipe-mg-atraso.rnp.br
1749969576,2025-06-15 03:39:36,gateway;No-Hostname;crj1-brj1.bkb.rnp.br;cmg1-crj1-telebras.bkb.rnp.br;cmg2-cmg1.bkb.rnp.br;lanmg2-cmg2.bkb.rnp.br;ptp-couve-almeirao.pop-mg.rnp.br;ptp-brigadeiro-couve.pop-mg.rnp.br;monipe-mg-atraso.rnp.br
1749970050,2025-06-15 03:47:30,gateway;No-Hostname;crj1-brj1.bkb.rnp.br;crj2-crj1.bkb.rnp.br;cmg2-crj2-wirelink.bkb.rnp.br;lanmg2-cmg2.bkb.rnp.br;ptp-couve-almeirao.pop-mg.rnp.br;ptp-brigadeiro-couve.pop-mg.rnp.br;monipe-mg-atraso.rnp.br
1749970704,2025-06-15 03:58:24,gateway;No-Hostname;crj1-brj1.bkb.rnp.br;crj2-crj1.bkb.rnp.br;cmg2-crj2-wirelink.bkb.rnp.br;lanmg2-cmg2.bkb.rnp.br;ptp-couve-almeirao.pop-mg.rnp.br;ptp-brigadeiro-couve.pop-mg.rnp.br;monipe-mg-atraso.rnp.br
1749971121,2025-06-15 04:05:21,gateway;No-Hostname;crj1-brj1.bkb.rnp.br;crj2-crj1.bkb.rnp.br;cmg2-crj2-wirelink.bkb.rnp.br;lanmg2-cmg2.bkb.rnp.br;ptp-couve-almeirao.pop-mg.rnp.br;ptp-brigadeiro-couve.pop-mg.rnp.br;monipe-mg-atraso.rnp.br
1749972234,2025-06-15 04:23:54,gateway;No-Hostname;crj1-brj1.bkb.rnp.br;crj2-crj1.bkb.rnp.br;cmg2-crj2-wirelink.bkb.rnp.br;lanmg2-cmg2.bkb.rnp.br;ptp-couve-almeirao.pop-mg.rnp.br;ptp-brigadeiro-couve.pop-mg.rnp.br;monipe-mg-atraso.rnp.br
1749972782,2025-06-15 04:33:02,gateway;No-Hostname;crj1-brj1.bkb.rnp.br;crj2-crj1.bkb.rnp.br;cmg2-crj2-wirelink.bkb.rnp.br;lanmg2-cmg2.bkb.rnp.br;ptp-couve-almeirao.pop-mg.rnp.br;ptp-brigadeiro-couve.pop-mg.rnp.br;monipe-mg-atraso.rnp.br
1749973258,2025-06-15 04:40:58,gateway;No-Hostname;crj1-brj1.bkb.rnp.br;crj2-crj1.bkb.rnp.br;cmg2-crj2-wirelink.bkb.rnp.br;lanmg2-cmg2.bkb.rnp.br;ptp-couve-almeirao.pop-mg.rnp.br;ptp-brigadeiro-couve.pop-mg.rnp.br;monipe-mg-atraso.rnp.br
1749973713,2025-06-15 04:48:33,gateway;No-Hostname;crj1-brj1.bkb.rnp.br;crj2-crj1.bkb.rnp.br;cmg2-crj2-wirelink.bkb.rnp.br;lanmg2-cmg2.bkb.rnp.br;ptp-couve-almeirao.pop-mg.rnp.br;ptp-brigadeiro-couve.pop-mg.rnp.br;monipe-mg-atraso.rnp.br
1749974459,2025-06-15 05:00:59,gateway;No-Hostname;crj1-brj1.bkb.rnp.br;crj2-crj1.bkb.rnp.br;cmg2-crj2-wirelink.bkb.rnp.br;lanmg2-cmg2.bkb.rnp.br;ptp-couve-almeirao.pop-mg.rnp.br;ptp-brigadeiro-couve.pop-mg.rnp.br;monipe-mg-atraso.rnp.br
1749975164,2025-06-15 05:12:44,gateway;No-Hostname;crj1-brj1.bkb.rnp.br;crj2-crj1.bkb.rnp.br;cmg2-crj2-wirelink.bkb.rnp.br;lanmg2-cmg2.bkb.rnp.br;ptp-couve-almeirao.pop-mg.rnp.br;ptp-brigadeiro-couve.pop-mg.rnp.br;monipe-mg-atraso.rnp.br
1749975391,2025-06-15 05:16:31,gateway;No-Hostname;crj1-brj1.bkb.rnp.br;crj2-crj1.bkb.rnp.br;cmg2-crj2-wirelink.bkb.rnp.br;lanmg2-cmg2.bkb.rnp.br;ptp-couve-almeirao.pop-mg.rnp.br;ptp-brigadeiro-couve.pop-mg.rnp.br;monipe-mg-atraso.rnp.br
1749976261,2025-06-15 05:31:01,gateway;No-Hostname;crj1-brj1.bkb.rnp.br;crj2-crj1.bkb.rnp.br;cmg2-crj2-wirelink.bkb.rnp.br;lanmg2-cmg2.bkb.rnp.br;ptp-couve-almeirao.pop-mg.rnp.br;ptp-brigadeiro-couve.pop-mg.rnp.br;monipe-mg-atraso.rnp.br
1749976863,2025-06-15 05:41:03,gateway;No-Hostname;crj1-brj1.bkb.rnp.br;crj2-crj1.bkb.rnp.br;cmg2-crj2-wirelink.bkb.rnp.br;lanmg2-cmg2.bkb.rnp.br;ptp-couve-almeirao.pop-mg.rnp.br;ptp-brigadeiro-couve.pop-mg.rnp.br;monipe-mg-atraso.rnp.br
1749977261,2025-06-15 05:47:41,gateway;No-Hostname;crj1-brj1.bkb.rnp.br;crj2-crj1.bkb.rnp.br;cmg2-crj2-wirelink.bkb.rnp.br;lanmg2-cmg2.bkb.rnp.br;ptp-couve-almeirao.pop-mg.rnp.br;ptp-brigadeiro-couve.pop-mg.rnp.br;monipe-mg-atraso.rnp.br
1749977802,2025-06-15 05:56:42,gateway;No-Hostname;crj1-brj1.bkb.rnp.br;crj2-crj1.bkb.rnp.br;cmg2-crj2-wirelink.bkb.rnp.br;lanmg2-cmg2.bkb.rnp.br;ptp-couve-almeirao.pop-mg.rnp.br;ptp-brigadeiro-couve.pop-mg.rnp.br;monipe-mg-atraso.rnp.br
1749978475,2025-06-15 06:07:55,gateway;No-Hostname;crj1-brj1.bkb.rnp.br;crj2-crj1.bkb.rnp.br;cmg2-crj2-wirelink.bkb.rnp.br;lanmg2-cmg2.bkb.rnp.br;ptp-couve-almeirao.pop-mg.rnp.br;ptp-brigadeiro-couve.pop-mg.rnp.br;monipe-mg-atraso.rnp.br
1749979013,2025-06-15 06:16:53,gateway;No-Hostname;crj1-brj1.bkb.rnp.br;crj2-crj1.bkb.rnp.br;cmg2-crj2-wirelink.bkb.rnp.br;lanmg2-cmg2.bkb.rnp.br;ptp-couve-almeirao.pop-mg.rnp.br;ptp-brigadeiro-couve.pop-mg.rnp.br;monipe-mg-atraso.rnp.br
1749979507,2025-06-15 06:25:07,gateway;No-Hostname;crj1-brj1.bkb.rnp.br;crj2-crj1.bkb.rnp.br;cmg2-crj2-wirelink.bkb.rnp.br;lanmg2-cmg2.bkb.rnp.br;ptp-couve-almeirao.pop-mg.rnp.br;ptp-brigadeiro-couve.pop-mg.rnp.br;monipe-mg-atraso.rnp.br
1749980355,2025-06-15 06:39:15,gateway;No-Hostname;crj1-brj1.bkb.rnp.br;crj2-crj1.bkb.rnp.br;cmg2-crj2-wirelink.bkb.rnp.br;lanmg2-cmg2.bkb.rnp.br;ptp-couve-almeirao.pop-mg.rnp.br;ptp-brigadeiro-couve.pop-mg.rnp.br;monipe-mg-atraso.rnp.br
1749980842,2025-06-15 06:47:22,gateway;No-Hostname;crj1-brj1.bkb.rnp.br;crj2-crj1.bkb.rnp.br;cmg2-crj2-wirelink.bkb.rnp.br;lanmg2-cmg2.bkb.rnp.br;ptp-couve-almeirao.pop-mg.rnp.br;ptp-brigadeiro-couve.pop-mg.rnp.br;monipe-mg-atraso.rnp.br
1749981660,2025-06-15 07:01:00,gateway;No-Hostname;crj1-brj1.bkb.rnp.br;crj2-crj1.bkb.rnp.br;cmg2-crj2-wirelink.bkb.rnp.br;lanmg2-cmg2.bkb.rnp.br;ptp-couve-almeirao.pop-mg.rnp.br;ptp-brigadeiro-couve.pop-mg.rnp.br;monipe-mg-atraso.rnp.br
1749981991,2025-06-15 07:06:31,gateway;No-Hostname;crj1-brj1.bkb.rnp.br;crj2-crj1.bkb.rnp.br;cmg2-crj2-wirelink.bkb.rnp.br;lanmg2-cmg2.bkb.rnp.br;ptp-couve-almeirao.pop-mg.rnp.br;ptp-brigadeiro-couve.pop-mg.rnp.br;monipe-mg-atraso.rnp.br
1749982598,2025-06-15 07:16:38,gateway;No-Hostname;crj1-brj1.bkb.rnp.br;crj2-crj1.bkb.rnp.br;cmg2-crj2-wirelink.bkb.rnp.br;lanmg2-cmg2.bkb.rnp.br;ptp-couve-almeirao.pop-mg.rnp.br;ptp-brigadeiro-couve.pop-mg.rnp.br;monipe-mg-atraso.rnp.br
1749983417,2025-06-15 07:30:17,gateway;No-Hostname;crj1-brj1.bkb.rnp.br;crj2-crj1.bkb.rnp.br;cmg2-crj2-wirelink.bkb.rnp.br;lanmg2-cmg2.bkb.rnp.br;ptp-couve-almeirao.pop-mg.rnp.br;ptp-brigadeiro-couve.pop-mg.rnp.br;monipe-mg-atraso.rnp.br
1749984122,2025-06-15 07:42:02,gateway;No-Hostname;crj1-brj1.bkb.rnp.br;crj2-crj1.bkb.rnp.br;cmg2-crj2-wirelink.bkb.rnp.br;lanmg2-cmg2.bkb.rnp.br;ptp-couve-almeirao.pop-mg.rnp.br;ptp-brigadeiro-couve.pop-mg.rnp.br;monipe-mg-atraso.rnp.br
1749984465,2025-06-15 07:47:45,gateway;No-Hostname;crj1-brj1.bkb.rnp.br;crj2-crj1.bkb.rnp.br;cmg2-crj2-wirelink.bkb.rnp.br;lanmg2-cmg2.bkb.rnp.br;ptp-couve-almeirao.pop-mg.rnp.br;ptp-brigadeiro-couve.pop-mg.rnp.br;monipe-mg-atraso.rnp.br
1749985177,2025-06-15 07:59:37,gateway;No-Hostname;crj1-brj1.bkb.rnp.br;crj2-crj1.bkb.rnp.br;cmg2-crj2-wirelink.bkb.rnp.br;lanmg2-cmg2.bkb.rnp.br;ptp-couve-almeirao.pop-mg.rnp.br;ptp-brigadeiro-couve.pop-mg.rnp.br;monipe-mg-atraso.rnp.br
1749985919,2025-06-15 08:11:59,gateway;No-Hostname;crj1-brj1.bkb.rnp.br;crj2-crj1.bkb.rnp.br;cmg2-crj2-wirelink.bkb.rnp.br;lanmg2-cmg2.bkb.rnp.br;ptp-couve-almeirao.pop-mg.rnp.br;ptp-brigadeiro-couve.pop-mg.rnp.br;monipe-mg-atraso.rnp.br
1749986352,2025-06-15 08:19:12,gateway;No-Hostname;crj1-brj1.bkb.rnp.br;crj2-crj1.bkb.rnp.br;cmg2-crj2-wirelink.bkb.rnp.br;lanmg2-cmg2.bkb.rnp.br;ptp-couve-almeirao.pop-mg.rnp.br;ptp-brigadeiro-couve.pop-mg.rnp.br;monipe-mg-atraso.rnp.br
1749987231,2025-06-15 08:33:51,gateway;No-Hostname;crj1-brj1.bkb.rnp.br;crj2-crj1.bkb.rnp.br;cmg2-crj2-wirelink.bkb.rnp.br;lanmg2-cmg2.bkb.rnp.br;ptp-couve-almeirao.pop-mg.rnp.br;ptp-brigadeiro-couve.pop-mg.rnp.br;monipe-mg-atraso.rnp.br
1749987411,2025-06-15 08:36:51,gateway;No-Hostname;crj1-brj1.bkb.rnp.br;crj2-crj1.bkb.rnp.br;cmg2-crj2-wirelink.bkb.rnp.br;lanmg2-cmg2.bkb.rnp.br;ptp-couve-almeirao.pop-mg.rnp.br;ptp-brigadeiro-couve.pop-mg.rnp.br;monipe-mg-atraso.rnp.br
1749988352,2025-06-15 08:52:32,gateway;No-Hostname;crj1-brj1.bkb.rnp.br;crj2-crj1.bkb.rnp.br;cmg2-crj2-wirelink.bkb.rnp.br;lanmg2-cmg2.bkb.rnp.br;ptp-couve-almeirao.pop-mg.rnp.br;ptp-brigadeiro-couve.pop-mg.rnp.br;monipe-mg-atraso.rnp.br
1749988638,2025-06-15 08:57:18,gateway;No-Hostname;crj1-brj1.bkb.rnp.br;crj2-crj1.bkb.rnp.br;cmg2-crj2-wirelink.bkb.rnp.br;lanmg2-cmg2.bkb.rnp.br;ptp-couve-almeirao.pop-mg.rnp.br;ptp-brigadeiro-couve.pop-mg.rnp.br;monipe-mg-atraso.rnp.br
1749989371,2025-06-15 09:09:31,gateway;No-Hostname;crj1-brj1.bkb.rnp.br;crj2-crj1.bkb.rnp.br;cmg2-crj2-wirelink.bkb.rnp.br;lanmg2-cmg2.bkb.rnp.br;ptp-couve-almeirao.pop-mg.rnp.br;ptp-brigadeiro-couve.pop-mg.rnp.br;monipe-mg-atraso.rnp.br
1749990223,2025-06-15 09:23:43,gateway;No-Hostname;crj1-brj1.bkb.rnp.br;crj2-crj1.bkb.rnp.br;cmg2-crj2-wirelink.bkb.rnp.br;lanmg2-cmg2.bkb.rnp.br;ptp-couve-almeirao.pop-mg.rnp.br;ptp-brigadeiro-couve.pop-mg.rnp.br;monipe-mg-atraso.rnp.br
1749990698,2025-06-15 09:31:38,gateway;No-Hostname;crj1-brj1.bkb.rnp.br;crj2-crj1.bkb.rnp.br;cmg2-crj2-wirelink.bkb.rnp.br;lanmg2-cmg2.bkb.rnp.br;ptp-couve-almeirao.pop-mg.rnp.br;ptp-brigadeiro-couve.pop-mg.rnp.br;monipe-mg-atraso.rnp.br
1749991188,2025-06-15 09:39:48,gateway;No-Hostname;crj1-brj1.bkb.rnp.br;crj2-crj1.bkb.rnp.br;cmg2-crj2-wirelink.bkb.rnp.br;lanmg2-cmg2.bkb.rnp.br;ptp-couve-almeirao.pop-mg.rnp.br;ptp-brigadeiro-couve.pop-mg.rnp.br;monipe-mg-atraso.rnp.br
1749991614,2025-06-15 09:46:54,gateway;No-Hostname;crj1-brj1.bkb.rnp.br;crj2-crj1.bkb.rnp.br;cmg2-crj2-wirelink.bkb.rnp.br;lanmg2-cmg2.bkb.rnp.br;ptp-couve-almeirao.pop-mg.rnp.br;ptp-brigadeiro-couve.pop-mg.rnp.br;monipe-mg-atraso.rnp.br
1749992161,2025-06-15 09:56:01,gateway;No-Hostname;crj1-brj1.bkb.rnp.br;crj2-crj1.bkb.rnp.br;cmg2-crj2-wirelink.bkb.rnp.br;lanmg2-cmg2.bkb.rnp.br;ptp-couve-almeirao.pop-mg.rnp.br;ptp-brigadeiro-couve.pop-mg.rnp.br;monipe-mg-atraso.rnp.br
1749992818,2025-06-15 10:06:58,gateway;No-Hostname;crj1-brj1.bkb.rnp.br;crj2-crj1.bkb.rnp.br;cmg2-crj2-wirelink.bkb.rnp.br;lanmg2-cmg2.bkb.rnp.br;ptp-couve-almeirao.pop-mg.rnp.br;ptp-brigadeiro-couve.pop-mg.rnp.br;monipe-mg-atraso.rnp.br
1749993586,2025-06-15 10:19:46,gateway;No-Hostname;crj1-brj1.bkb.rnp.br;crj2-crj1.bkb.rnp.br;cmg2-crj2-wirelink.bkb.rnp.br;lanmg2-cmg2.bkb.rnp.br;ptp-couve-almeirao.pop-mg.rnp.br;ptp-brigadeiro-couve.pop-mg.rnp.br;monipe-mg-atraso.rnp.br
1749994041,2025-06-15 10:27:21,gateway;No-Hostname;crj1-brj1.bkb.rnp.br;crj2-crj1.bkb.rnp.br;cmg2-crj2-wirelink.bkb.rnp.br;lanmg2-cmg2.bkb.rnp.br;ptp-couve-almeirao.pop-mg.rnp.br;ptp-brigadeiro-couve.pop-mg.rnp.br;monipe-mg-atraso.rnp.br
1749994965,2025-06-15 10:42:45,gateway;No-Hostname;crj1-brj1.bkb.rnp.br;crj2-crj1.bkb.rnp.br;cmg2-crj2-wirelink.bkb.rnp.br;lanmg2-cmg2.bkb.rnp.br;ptp-couve-almeirao.pop-mg.rnp.br;ptp-brigadeiro-couve.pop-mg.rnp.br;monipe-mg-atraso.rnp.br
1749995446,2025-06-15 10:50:46,gateway;No-Hostname;crj1-brj1.bkb.rnp.br;crj2-crj1.bkb.rnp.br;cmg2-crj2-wirelink.bkb.rnp.br;lanmg2-cmg2.bkb.rnp.br;ptp-couve-almeirao.pop-mg.rnp.br;ptp-brigadeiro-couve.pop-mg.rnp.br;monipe-mg-atraso.rnp.br
1749996225,2025-06-15 11:03:45,gateway;No-Hostname;crj1-brj1.bkb.rnp.br;crj2-crj1.bkb.rnp.br;cmg2-crj2-wirelink.bkb.rnp.br;lanmg2-cmg2.bkb.rnp.br;ptp-couve-almeirao.pop-mg.rnp.br;ptp-brigadeiro-couve.pop-mg.rnp.br;monipe-mg-atraso.rnp.br
1749996683,2025-06-15 11:11:23,gateway;No-Hostname;crj1-brj1.bkb.rnp.br;crj2-crj1.bkb.rnp.br;cmg2-crj2-wirelink.bkb.rnp.br;lanmg2-cmg2.bkb.rnp.br;ptp-couve-almeirao.pop-mg.rnp.br;ptp-brigadeiro-couve.pop-mg.rnp.br;monipe-mg-atraso.rnp.br
1749997166,2025-06-15 11:19:26,gateway;No-Hostname;crj1-brj1.bkb.rnp.br;crj2-crj1.bkb.rnp.br;cmg2-crj2-wirelink.bkb.rnp.br;lanmg2-cmg2.bkb.rnp.br;ptp-couve-almeirao.pop-mg.rnp.br;ptp-brigadeiro-couve.pop-mg.rnp.br;monipe-mg-atraso.rnp.br
1749997784,2025-06-15 11:29:44,gateway;No-Hostname;crj1-brj1.bkb.rnp.br;crj2-crj1.bkb.rnp.br;cmg2-crj2-wirelink.bkb.rnp.br;lanmg2-cmg2.bkb.rnp.br;ptp-couve-almeirao.pop-mg.rnp.br;ptp-brigadeiro-couve.pop-mg.rnp.br;monipe-mg-atraso.rnp.br
1749998411,2025-06-15 11:40:11,gateway;No-Hostname;crj1-brj1.bkb.rnp.br;crj2-crj1.bkb.rnp.br;cmg2-crj2-wirelink.bkb.rnp.br;lanmg2-cmg2.bkb.rnp.br;ptp-couve-almeirao.pop-mg.rnp.br;ptp-brigadeiro-couve.pop-mg.rnp.br;monipe-mg-atraso.rnp.br
1749998824,2025-06-15 11:47:04,gateway;No-Hostname;crj1-brj1.bkb.rnp.br;crj2-crj1.bkb.rnp.br;cmg2-crj2-wirelink.bkb.rnp.br;lanmg2-cmg2.bkb.rnp.br;ptp-couve-almeirao.pop-mg.rnp.br;ptp-brigadeiro-couve.pop-mg.rnp.br;monipe-mg-atraso.rnp.br
1749999659,2025-06-15 12:00:59,gateway;No-Hostname;crj1-brj1.bkb.rnp.br;crj2-crj1.bkb.rnp.br;cmg2-crj2-wirelink.bkb.rnp.br;lanmg2-cmg2.bkb.rnp.br;ptp-couve-almeirao.pop-mg.rnp.br;ptp-brigadeiro-couve.pop-mg.rnp.br;monipe-mg-atraso.rnp.br
1750000882,2025-06-15 12:21:22,gateway;No-Hostname;crj1-brj1.bkb.rnp.br;crj2-crj1.bkb.rnp.br;cmg2-crj2-wirelink.bkb.rnp.br;lanmg2-cmg2.bkb.rnp.br;ptp-couve-almeirao.pop-mg.rnp.br;ptp-brigadeiro-couve.pop-mg.rnp.br;monipe-mg-atraso.rnp.br
1750001223,2025-06-15 12:27:03,gateway;No-Hostname;crj1-brj1.bkb.rnp.br;crj2-crj1.bkb.rnp.br;cmg2-crj2-wirelink.bkb.rnp.br;lanmg2-cmg2.bkb.rnp.br;ptp-couve-almeirao.pop-mg.rnp.br;ptp-brigadeiro-couve.pop-mg.rnp.br;monipe-mg-atraso.rnp.br
1750002039,2025-06-15 12:40:39,gateway;No-Hostname;crj1-brj1.bkb.rnp.br;crj2-crj1.bkb.rnp.br;cmg2-crj2-wirelink.bkb.rnp.br;lanmg2-cmg2.bkb.rnp.br;ptp-couve-almeirao.pop-mg.rnp.br;ptp-brigadeiro-couve.pop-mg.rnp.br;monipe-mg-atraso.rnp.br
1750002778,2025-06-15 12:52:58,gateway;No-Hostname;crj1-brj1.bkb.rnp.br;crj2-crj1.bkb.rnp.br;cmg2-crj2-wirelink.bkb.rnp.br;lanmg2-cmg2.bkb.rnp.br;ptp-couve-almeirao.pop-mg.rnp.br;ptp-brigadeiro-couve.pop-mg.rnp.br;monipe-mg-atraso.rnp.br
1750003159,2025-06-15 12:59:19,gateway;No-Hostname;crj1-brj1.bkb.rnp.br;crj2-crj1.bkb.rnp.br;cmg2-crj2-wirelink.bkb.rnp.br;lanmg2-cmg2.bkb.rnp.br;ptp-couve-almeirao.pop-mg.rnp.br;ptp-brigadeiro-couve.pop-mg.rnp.br;monipe-mg-atraso.rnp.br
1750003900,2025-06-15 13:11:40,gateway;No-Hostname;crj1-brj1.bkb.rnp.br;crj2-crj1.bkb.rnp.br;cmg2-crj2-wirelink.bkb.rnp.br;lanmg2-cmg2.bkb.rnp.br;ptp-couve-almeirao.pop-mg.rnp.br;ptp-brigadeiro-couve.pop-mg.rnp.br;monipe-mg-atraso.rnp.br
1750004558,2025-06-15 13:22:38,gateway;No-Hostname;crj1-brj1.bkb.rnp.br;crj2-crj1.bkb.rnp.br;cmg2-crj2-wirelink.bkb.rnp.br;lanmg2-cmg2.bkb.rnp.br;ptp-couve-almeirao.pop-mg.rnp.br;ptp-brigadeiro-couve.pop-mg.rnp.br;monipe-mg-atraso.rnp.br
1750005040,2025-06-15 13:30:40,gateway;No-Hostname;crj1-brj1.bkb.rnp.br;crj2-crj1.bkb.rnp.br;cmg2-crj2-wirelink.bkb.rnp.br;lanmg2-cmg2.bkb.rnp.br;ptp-couve-almeirao.pop-mg.rnp.br;ptp-brigadeiro-couve.pop-mg.rnp.br;monipe-mg-atraso.rnp.br
1750005617,2025-06-15 13:40:17,gateway;No-Hostname;crj1-brj1.bkb.rnp.br;crj2-crj1.bkb.rnp.br;cmg2-crj2-wirelink.bkb.rnp.br;lanmg2-cmg2.bkb.rnp.br;ptp-couve-almeirao.pop-mg.rnp.br;ptp-brigadeiro-couve.pop-mg.rnp.br;monipe-mg-atraso.rnp.br
1750005917,2025-06-15 13:45:17,gateway;No-Hostname;crj1-brj1.bkb.rnp.br;crj2-crj1.bkb.rnp.br;cmg2-crj2-wirelink.bkb.rnp.br;lanmg2-cmg2.bkb.rnp.br;ptp-couve-almeirao.pop-mg.rnp.br;ptp-brigadeiro-couve.pop-mg.rnp.br;monipe-mg-atraso.rnp.br
1750007023,2025-06-15 14:03:43,gateway;No-Hostname;crj1-brj1.bkb.rnp.br;crj2-crj1.bkb.rnp.br;cmg2-crj2-wirelink.bkb.rnp.br;lanmg2-cmg2.bkb.rnp.br;ptp-couve-almeirao.pop-mg.rnp.br;ptp-brigadeiro-couve.pop-mg.rnp.br;monipe-mg-atraso.rnp.br
1750007501,2025-06-15 14:11:41,gateway;No-Hostname;crj1-brj1.bkb.rnp.br;crj2-crj1.bkb.rnp.br;cmg2-crj2-wirelink.bkb.rnp.br;lanmg2-cmg2.bkb.rnp.br;ptp-couve-almeirao.pop-mg.rnp.br;ptp-brigadeiro-couve.pop-mg.rnp.br;monipe-mg-atraso.rnp.br
1750008160,2025-06-15 14:22:40,gateway;No-Hostname;crj1-brj1.bkb.rnp.br;crj2-crj1.bkb.rnp.br;cmg2-crj2-wirelink.bkb.rnp.br;lanmg2-cmg2.bkb.rnp.br;ptp-couve-almeirao.pop-mg.rnp.br;ptp-brigadeiro-couve.pop-mg.rnp.br;monipe-mg-atraso.rnp.br
1750009004,2025-06-15 14:36:44,gateway;No-Hostname;crj1-brj1.bkb.rnp.br;crj2-crj1.bkb.rnp.br;cmg2-crj2-wirelink.bkb.rnp.br;lanmg2-cmg2.bkb.rnp.br;ptp-couve-almeirao.pop-mg.rnp.br;ptp-brigadeiro-couve.pop-mg.rnp.br;monipe-mg-atraso.rnp.br
1750010610,2025-06-15 15:03:30,gateway;No-Hostname;crj1-brj1.bkb.rnp.br;crj2-crj1.bkb.rnp.br;cmg2-crj2-wirelink.bkb.rnp.br;lanmg2-cmg2.bkb.rnp.br;ptp-couve-almeirao.pop-mg.rnp.br;ptp-brigadeiro-couve.pop-mg.rnp.br;monipe-mg-atraso.rnp.br
1750011053,2025-06-15 15:10:53,gateway;No-Hostname;crj1-brj1.bkb.rnp.br;crj2-crj1.bkb.rnp.br;cmg2-crj2-wirelink.bkb.rnp.br;lanmg2-cmg2.bkb.rnp.br;ptp-couve-almeirao.pop-mg.rnp.br;ptp-brigadeiro-couve.pop-mg.rnp.br;monipe-mg-atraso.rnp.br
1750011364,2025-06-15 15:16:04,gateway;No-Hostname;crj1-brj1.bkb.rnp.br;crj2-crj1.bkb.rnp.br;cmg2-crj2-wirelink.bkb.rnp.br;lanmg2-cmg2.bkb.rnp.br;ptp-couve-almeirao.pop-mg.rnp.br;ptp-brigadeiro-couve.pop-mg.rnp.br;monipe-mg-atraso.rnp.br
1750012425,2025-06-15 15:33:45,gateway;No-Hostname;crj1-brj1.bkb.rnp.br;crj2-crj1.bkb.rnp.br;cmg2-crj2-wirelink.bkb.rnp.br;lanmg2-cmg2.bkb.rnp.br;ptp-couve-almeirao.pop-mg.rnp.br;ptp-brigadeiro-couve.pop-mg.rnp.br;monipe-mg-atraso.rnp.br
1750013007,2025-06-15 15:43:27,gateway;No-Hostname;crj1-brj1.bkb.rnp.br;crj2-crj1.bkb.rnp.br;cmg2-crj2-wirelink.bkb.rnp.br;lanmg2-cmg2.bkb.rnp.br;ptp-couve-almeirao.pop-mg.rnp.br;ptp-brigadeiro-couve.pop-mg.rnp.br;monipe-mg-atraso.rnp.br
1750013128,2025-06-15 15:45:28,gateway;No-Hostname;crj1-brj1.bkb.rnp.br;crj2-crj1.bkb.rnp.br;cmg2-crj2-wirelink.bkb.rnp.br;lanmg2-cmg2.bkb.rnp.br;ptp-couve-almeirao.pop-mg.rnp.br;ptp-brigadeiro-couve.pop-mg.rnp.br;monipe-mg-atraso.rnp.br
1750014204,2025-06-15 16:03:24,gateway;No-Hostname;crj1-brj1.bkb.rnp.br;cmg1-crj1-telebras.bkb.rnp.br;cmg2-cmg1.bkb.rnp.br;lanmg2-cmg2.bkb.rnp.br;ptp-couve-almeirao.pop-mg.rnp.br;ptp-brigadeiro-couve.pop-mg.rnp.br;monipe-mg-atraso.rnp.br
1750014830,2025-06-15 16:13:50,gateway;No-Hostname;crj1-brj1.bkb.rnp.br;cmg1-crj1-telebras.bkb.rnp.br;cmg2-cmg1.bkb.rnp.br;lanmg2-cmg2.bkb.rnp.br;ptp-couve-almeirao.pop-mg.rnp.br;ptp-brigadeiro-couve.pop-mg.rnp.br;monipe-mg-atraso.rnp.br
1750015201,2025-06-15 16:20:01,gateway;No-Hostname;crj1-brj1.bkb.rnp.br;cmg1-crj1-telebras.bkb.rnp.br;cmg2-cmg1.bkb.rnp.br;lanmg2-cmg2.bkb.rnp.br;ptp-couve-almeirao.pop-mg.rnp.br;ptp-brigadeiro-couve.pop-mg.rnp.br;monipe-mg-atraso.rnp.br
1750015708,2025-06-15 16:28:28,gateway;No-Hostname;crj1-brj1.bkb.rnp.br;cmg1-crj1-telebras.bkb.rnp.br;cmg2-cmg1.bkb.rnp.br;lanmg2-cmg2.bkb.rnp.br;ptp-couve-almeirao.pop-mg.rnp.br;ptp-brigadeiro-couve.pop-mg.rnp.br;monipe-mg-atraso.rnp.br
1750016284,2025-06-15 16:38:04,gateway;No-Hostname;crj1-brj1.bkb.rnp.br;cmg1-crj1-telebras.bkb.rnp.br;cmg2-cmg1.bkb.rnp.br;lanmg2-cmg2.bkb.rnp.br;ptp-couve-almeirao.pop-mg.rnp.br;ptp-brigadeiro-couve.pop-mg.rnp.br;monipe-mg-atraso.rnp.br
1750016759,2025-06-15 16:45:59,gateway;No-Hostname;crj1-brj1.bkb.rnp.br;cmg1-crj1-telebras.bkb.rnp.br;cmg2-cmg1.bkb.rnp.br;lanmg2-cmg2.bkb.rnp.br;ptp-couve-almeirao.pop-mg.rnp.br;ptp-brigadeiro-couve.pop-mg.rnp.br;monipe-mg-atraso.rnp.br
1750017429,2025-06-15 16:57:09,gateway;No-Hostname;crj1-brj1.bkb.rnp.br;cmg1-crj1-telebras.bkb.rnp.br;cmg2-cmg1.bkb.rnp.br;lanmg2-cmg2.bkb.rnp.br;ptp-couve-almeirao.pop-mg.rnp.br;ptp-brigadeiro-couve.pop-mg.rnp.br;monipe-mg-atraso.rnp.br
1750018139,2025-06-15 17:08:59,gateway;No-Hostname;crj1-brj1.bkb.rnp.br;cmg1-crj1-telebras.bkb.rnp.br;cmg2-cmg1.bkb.rnp.br;lanmg2-cmg2.bkb.rnp.br;ptp-couve-almeirao.pop-mg.rnp.br;ptp-brigadeiro-couve.pop-mg.rnp.br;monipe-mg-atraso.rnp.br
1750018833,2025-06-15 17:20:33,gateway;No-Hostname;crj1-brj1.bkb.rnp.br;cmg1-crj1-telebras.bkb.rnp.br;cmg2-cmg1.bkb.rnp.br;lanmg2-cmg2.bkb.rnp.br;ptp-couve-almeirao.pop-mg.rnp.br;ptp-brigadeiro-couve.pop-mg.rnp.br;monipe-mg-atraso.rnp.br
1750019539,2025-06-15 17:32:19,gateway;No-Hostname;crj1-brj1.bkb.rnp.br;cmg1-crj1-telebras.bkb.rnp.br;cmg2-cmg1.bkb.rnp.br;lanmg2-cmg2.bkb.rnp.br;ptp-couve-almeirao.pop-mg.rnp.br;ptp-brigadeiro-couve.pop-mg.rnp.br;monipe-mg-atraso.rnp.br
1750019753,2025-06-15 17:35:53,gateway;No-Hostname;crj1-brj1.bkb.rnp.br;cmg1-crj1-telebras.bkb.rnp.br;cmg2-cmg1.bkb.rnp.br;lanmg2-cmg2.bkb.rnp.br;ptp-couve-almeirao.pop-mg.rnp.br;ptp-brigadeiro-couve.pop-mg.rnp.br;monipe-mg-atraso.rnp.br
1750020421,2025-06-15 17:47:01,gateway;No-Hostname;crj1-brj1.bkb.rnp.br;cmg1-crj1-telebras.bkb.rnp.br;cmg2-cmg1.bkb.rnp.br;lanmg2-cmg2.bkb.rnp.br;ptp-couve-almeirao.pop-mg.rnp.br;ptp-brigadeiro-couve.pop-mg.rnp.br;monipe-mg-atraso.rnp.br
1750021222,2025-06-15 18:00:22,gateway;No-Hostname;crj1-brj1.bkb.rnp.br;cmg1-crj1-telebras.bkb.rnp.br;cmg2-cmg1.bkb.rnp.br;lanmg2-cmg2.bkb.rnp.br;ptp-couve-almeirao.pop-mg.rnp.br;ptp-brigadeiro-couve.pop-mg.rnp.br;monipe-mg-atraso.rnp.br
1750021628,2025-06-15 18:07:08,gateway;No-Hostname;crj1-brj1.bkb.rnp.br;cmg1-crj1-telebras.bkb.rnp.br;cmg2-cmg1.bkb.rnp.br;lanmg2-cmg2.bkb.rnp.br;ptp-couve-almeirao.pop-mg.rnp.br;ptp-brigadeiro-couve.pop-mg.rnp.br;monipe-mg-atraso.rnp.br
1750022242,2025-06-15 18:17:22,gateway;No-Hostname;crj1-brj1.bkb.rnp.br;cmg1-crj1-telebras.bkb.rnp.br;cmg2-cmg1.bkb.rnp.br;lanmg2-cmg2.bkb.rnp.br;ptp-couve-almeirao.pop-mg.rnp.br;ptp-brigadeiro-couve.pop-mg.rnp.br;monipe-mg-atraso.rnp.br
1750022878,2025-06-15 18:27:58,gateway;No-Hostname;crj1-brj1.bkb.rnp.br;cmg1-crj1-telebras.bkb.rnp.br;cmg2-cmg1.bkb.rnp.br;lanmg2-cmg2.bkb.rnp.br;ptp-couve-almeirao.pop-mg.rnp.br;ptp-brigadeiro-couve.pop-mg.rnp.br;monipe-mg-atraso.rnp.br
1750023697,2025-06-15 18:41:37,gateway;No-Hostname;crj1-brj1.bkb.rnp.br;cmg1-crj1-telebras.bkb.rnp.br;cmg2-cmg1.bkb.rnp.br;lanmg2-cmg2.bkb.rnp.br;ptp-couve-almeirao.pop-mg.rnp.br;ptp-brigadeiro-couve.pop-mg.rnp.br;monipe-mg-atraso.rnp.br
1750024179,2025-06-15 18:49:39,gateway;No-Hostname;crj1-brj1.bkb.rnp.br;cmg1-crj1-telebras.bkb.rnp.br;cmg2-cmg1.bkb.rnp.br;lanmg2-cmg2.bkb.rnp.br;ptp-couve-almeirao.pop-mg.rnp.br;ptp-brigadeiro-couve.pop-mg.rnp.br;monipe-mg-atraso.rnp.br
1750024764,2025-06-15 18:59:24,gateway;No-Hostname;crj1-brj1.bkb.rnp.br;cmg1-crj1-telebras.bkb.rnp.br;cmg2-cmg1.bkb.rnp.br;lanmg2-cmg2.bkb.rnp.br;ptp-couve-almeirao.pop-mg.rnp.br;ptp-brigadeiro-couve.pop-mg.rnp.br;monipe-mg-atraso.rnp.br
1750025209,2025-06-15 19:06:49,gateway;No-Hostname;crj1-brj1.bkb.rnp.br;cmg1-crj1-telebras.bkb.rnp.br;cmg2-cmg1.bkb.rnp.br;lanmg2-cmg2.bkb.rnp.br;ptp-couve-almeirao.pop-mg.rnp.br;ptp-brigadeiro-couve.pop-mg.rnp.br;monipe-mg-atraso.rnp.br
1750025751,2025-06-15 19:15:51,gateway;No-Hostname;crj1-brj1.bkb.rnp.br;cmg1-crj1-telebras.bkb.rnp.br;cmg2-cmg1.bkb.rnp.br;lanmg2-cmg2.bkb.rnp.br;ptp-couve-almeirao.pop-mg.rnp.br;ptp-brigadeiro-couve.pop-mg.rnp.br;monipe-mg-atraso.rnp.br
1750026748,2025-06-15 19:32:28,gateway;No-Hostname;crj1-brj1.bkb.rnp.br;cmg1-crj1-telebras.bkb.rnp.br;cmg2-cmg1.bkb.rnp.br;lanmg2-cmg2.bkb.rnp.br;ptp-couve-almeirao.pop-mg.rnp.br;ptp-brigadeiro-couve.pop-mg.rnp.br;monipe-mg-atraso.rnp.br
1750027102,2025-06-15 19:38:22,gateway;No-Hostname;crj1-brj1.bkb.rnp.br;cmg1-crj1-telebras.bkb.rnp.br;cmg2-cmg1.bkb.rnp.br;lanmg2-cmg2.bkb.rnp.br;ptp-couve-almeirao.pop-mg.rnp.br;ptp-brigadeiro-couve.pop-mg.rnp.br;monipe-mg-atraso.rnp.br
1750027885,2025-06-15 19:51:25,gateway;No-Hostname;crj1-brj1.bkb.rnp.br;cmg1-crj1-telebras.bkb.rnp.br;cmg2-cmg1.bkb.rnp.br;lanmg2-cmg2.bkb.rnp.br;ptp-couve-almeirao.pop-mg.rnp.br;ptp-brigadeiro-couve.pop-mg.rnp.br;monipe-mg-atraso.rnp.br
1750028305,2025-06-15 19:58:25,gateway;No-Hostname;crj1-brj1.bkb.rnp.br;cmg1-crj1-telebras.bkb.rnp.br;cmg2-cmg1.bkb.rnp.br;lanmg2-cmg2.bkb.rnp.br;ptp-couve-almeirao.pop-mg.rnp.br;ptp-brigadeiro-couve.pop-mg.rnp.br;monipe-mg-atraso.rnp.br
1750028734,2025-06-15 20:05:34,gateway;No-Hostname;crj1-brj1.bkb.rnp.br;cmg1-crj1-telebras.bkb.rnp.br;cmg2-cmg1.bkb.rnp.br;lanmg2-cmg2.bkb.rnp.br;ptp-couve-almeirao.pop-mg.rnp.br;ptp-brigadeiro-couve.pop-mg.rnp.br;monipe-mg-atraso.rnp.br
1750029781,2025-06-15 20:23:01,gateway;No-Hostname;crj1-brj1.bkb.rnp.br;cmg1-crj1-telebras.bkb.rnp.br;cmg2-cmg1.bkb.rnp.br;lanmg2-cmg2.bkb.rnp.br;ptp-couve-almeirao.pop-mg.rnp.br;ptp-brigadeiro-couve.pop-mg.rnp.br;monipe-mg-atraso.rnp.br
1750030176,2025-06-15 20:29:36,gateway;No-Hostname;crj1-brj1.bkb.rnp.br;cmg1-crj1-telebras.bkb.rnp.br;cmg2-cmg1.bkb.rnp.br;lanmg2-cmg2.bkb.rnp.br;ptp-couve-almeirao.pop-mg.rnp.br;ptp-brigadeiro-couve.pop-mg.rnp.br;monipe-mg-atraso.rnp.br
1750030986,2025-06-15 20:43:06,gateway;No-Hostname;crj1-brj1.bkb.rnp.br;cmg1-crj1-telebras.bkb.rnp.br;cmg2-cmg1.bkb.rnp.br;lanmg2-cmg2.bkb.rnp.br;ptp-couve-almeirao.pop-mg.rnp.br;ptp-brigadeiro-couve.pop-mg.rnp.br;monipe-mg-atraso.rnp.br
1750031360,2025-06-15 20:49:20,gateway;No-Hostname;crj1-brj1.bkb.rnp.br;cmg1-crj1-telebras.bkb.rnp.br;cmg2-cmg1.bkb.rnp.br;lanmg2-cmg2.bkb.rnp.br;ptp-couve-almeirao.pop-mg.rnp.br;ptp-brigadeiro-couve.pop-mg.rnp.br;monipe-mg-atraso.rnp.br
1750032199,2025-06-15 21:03:19,gateway;No-Hostname;crj1-brj1.bkb.rnp.br;cmg1-crj1-telebras.bkb.rnp.br;cmg2-cmg1.bkb.rnp.br;lanmg2-cmg2.bkb.rnp.br;ptp-couve-almeirao.pop-mg.rnp.br;ptp-brigadeiro-couve.pop-mg.rnp.br;monipe-mg-atraso.rnp.br
1750032682,2025-06-15 21:11:22,gateway;No-Hostname;crj1-brj1.bkb.rnp.br;cmg1-crj1-telebras.bkb.rnp.br;cmg2-cmg1.bkb.rnp.br;lanmg2-cmg2.bkb.rnp.br;ptp-couve-almeirao.pop-mg.rnp.br;ptp-brigadeiro-couve.pop-mg.rnp.br;monipe-mg-atraso.rnp.br
1750032971,2025-06-15 21:16:11,gateway;No-Hostname;crj1-brj1.bkb.rnp.br;cmg1-crj1-telebras.bkb.rnp.br;cmg2-cmg1.bkb.rnp.br;lanmg2-cmg2.bkb.rnp.br;ptp-couve-almeirao.pop-mg.rnp.br;ptp-brigadeiro-couve.pop-mg.rnp.br;monipe-mg-atraso.rnp.br
1750033934,2025-06-15 21:32:14,gateway;No-Hostname;crj1-brj1.bkb.rnp.br;cmg1-crj1-telebras.bkb.rnp.br;cmg2-cmg1.bkb.rnp.br;lanmg2-cmg2.bkb.rnp.br;ptp-couve-almeirao.pop-mg.rnp.br;ptp-brigadeiro-couve.pop-mg.rnp.br;monipe-mg-atraso.rnp.br
1750034395,2025-06-15 21:39:55,gateway;No-Hostname;crj1-brj1.bkb.rnp.br;cmg1-crj1-telebras.bkb.rnp.br;cmg2-cmg1.bkb.rnp.br;lanmg2-cmg2.bkb.rnp.br;ptp-couve-almeirao.pop-mg.rnp.br;ptp-brigadeiro-couve.pop-mg.rnp.br;monipe-mg-atraso.rnp.br
1750034824,2025-06-15 21:47:04,gateway;No-Hostname;crj1-brj1.bkb.rnp.br;cmg1-crj1-telebras.bkb.rnp.br;cmg2-cmg1.bkb.rnp.br;lanmg2-cmg2.bkb.rnp.br;ptp-couve-almeirao.pop-mg.rnp.br;ptp-brigadeiro-couve.pop-mg.rnp.br;monipe-mg-atraso.rnp.br
1750035731,2025-06-15 22:02:11,gateway;No-Hostname;crj1-brj1.bkb.rnp.br;cmg1-crj1-telebras.bkb.rnp.br;cmg2-cmg1.bkb.rnp.br;lanmg2-cmg2.bkb.rnp.br;ptp-couve-almeirao.pop-mg.rnp.br;ptp-brigadeiro-couve.pop-mg.rnp.br;monipe-mg-atraso.rnp.br
1750036177,2025-06-15 22:09:37,gateway;No-Hostname;crj1-brj1.bkb.rnp.br;cmg1-crj1-telebras.bkb.rnp.br;cmg2-cmg1.bkb.rnp.br;lanmg2-cmg2.bkb.rnp.br;ptp-couve-almeirao.pop-mg.rnp.br;ptp-brigadeiro-couve.pop-mg.rnp.br;monipe-mg-atraso.rnp.br
1750036888,2025-06-15 22:21:28,gateway;No-Hostname;crj1-brj1.bkb.rnp.br;cmg1-crj1-telebras.bkb.rnp.br;cmg2-cmg1.bkb.rnp.br;lanmg2-cmg2.bkb.rnp.br;ptp-couve-almeirao.pop-mg.rnp.br;ptp-brigadeiro-couve.pop-mg.rnp.br;monipe-mg-atraso.rnp.br
1750037309,2025-06-15 22:28:29,gateway;No-Hostname;crj1-brj1.bkb.rnp.br;cmg1-crj1-telebras.bkb.rnp.br;cmg2-cmg1.bkb.rnp.br;lanmg2-cmg2.bkb.rnp.br;ptp-couve-almeirao.pop-mg.rnp.br;ptp-brigadeiro-couve.pop-mg.rnp.br;monipe-mg-atraso.rnp.br
1750038073,2025-06-15 22:41:13,gateway;No-Hostname;crj1-brj1.bkb.rnp.br;cmg1-crj1-telebras.bkb.rnp.br;cmg2-cmg1.bkb.rnp.br;lanmg2-cmg2.bkb.rnp.br;ptp-couve-almeirao.pop-mg.rnp.br;ptp-brigadeiro-couve.pop-mg.rnp.br;monipe-mg-atraso.rnp.br
1750038711,2025-06-15 22:51:51,gateway;No-Hostname;crj1-brj1.bkb.rnp.br;cmg1-crj1-telebras.bkb.rnp.br;cmg2-cmg1.bkb.rnp.br;lanmg2-cmg2.bkb.rnp.br;ptp-couve-almeirao.pop-mg.rnp.br;ptp-brigadeiro-couve.pop-mg.rnp.br;monipe-mg-atraso.rnp.br
1750039303,2025-06-15 23:01:43,gateway;No-Hostname;crj1-brj1.bkb.rnp.br;cmg1-crj1-telebras.bkb.rnp.br;cmg2-cmg1.bkb.rnp.br;lanmg2-cmg2.bkb.rnp.br;ptp-couve-almeirao.pop-mg.rnp.br;ptp-brigadeiro-couve.pop-mg.rnp.br;monipe-mg-atraso.rnp.br
1750039762,2025-06-15 23:09:22,gateway;No-Hostname;crj1-brj1.bkb.rnp.br;cmg1-crj1-telebras.bkb.rnp.br;cmg2-cmg1.bkb.rnp.br;lanmg2-cmg2.bkb.rnp.br;ptp-couve-almeirao.pop-mg.rnp.br;ptp-brigadeiro-couve.pop-mg.rnp.br;monipe-mg-atraso.rnp.br
1750040123,2025-06-15 23:15:23,gateway;No-Hostname;crj1-brj1.bkb.rnp.br;cmg1-crj1-telebras.bkb.rnp.br;cmg2-cmg1.bkb.rnp.br;lanmg2-cmg2.bkb.rnp.br;ptp-couve-almeirao.pop-mg.rnp.br;ptp-brigadeiro-couve.pop-mg.rnp.br;monipe-mg-atraso.rnp.br
1750041168,2025-06-15 23:32:48,gateway;No-Hostname;crj1-brj1.bkb.rnp.br;cmg1-crj1-telebras.bkb.rnp.br;cmg2-cmg1.bkb.rnp.br;lanmg2-cmg2.bkb.rnp.br;ptp-couve-almeirao.pop-mg.rnp.br;ptp-brigadeiro-couve.pop-mg.rnp.br;monipe-mg-atraso.rnp.br
1750041449,2025-06-15 23:37:29,gateway;No-Hostname;crj1-brj1.bkb.rnp.br;cmg1-crj1-telebras.bkb.rnp.br;cmg2-cmg1.bkb.rnp.br;lanmg2-cmg2.bkb.rnp.br;ptp-couve-almeirao.pop-mg.rnp.br;ptp-brigadeiro-couve.pop-mg.rnp.br;monipe-mg-atraso.rnp.br
1750042427,2025-06-15 23:53:47,gateway;No-Hostname;crj1-brj1.bkb.rnp.br;cmg1-crj1-telebras.bkb.rnp.br;cmg2-cmg1.bkb.rnp.br;lanmg2-cmg2.bkb.rnp.br;ptp-couve-almeirao.pop-mg.rnp.br;ptp-brigadeiro-couve.pop-mg.rnp.br;monipe-mg-atraso.rnp.br
1750042688,2025-06-15 23:58:08,gateway;No-Hostname;crj1-brj1.bkb.rnp.br;cmg1-crj1-telebras.bkb.rnp.br;cmg2-cmg1.bkb.rnp.br;lanmg2-cmg2.bkb.rnp.br;ptp-couve-almeirao.pop-mg.rnp.br;ptp-brigadeiro-couve.pop-mg.rnp.br;monipe-mg-atraso.rnp.br
1750043270,2025-06-16 00:07:50,gateway;No-Hostname;crj1-brj1.bkb.rnp.br;cmg1-crj1-telebras.bkb.rnp.br;cmg2-cmg1.bkb.rnp.br;lanmg2-cmg2.bkb.rnp.br;ptp-couve-almeirao.pop-mg.rnp.br;ptp-brigadeiro-couve.pop-mg.rnp.br;monipe-mg-atraso.rnp.br
1750044224,2025-06-16 00:23:44,gateway;No-Hostname;crj1-brj1.bkb.rnp.br;cmg1-crj1-telebras.bkb.rnp.br;cmg2-cmg1.bkb.rnp.br;lanmg2-cmg2.bkb.rnp.br;ptp-couve-almeirao.pop-mg.rnp.br;ptp-brigadeiro-couve.pop-mg.rnp.br;monipe-mg-atraso.rnp.br
1750044357,2025-06-16 00:25:57,gateway;No-Hostname;crj1-brj1.bkb.rnp.br;cmg1-crj1-telebras.bkb.rnp.br;cmg2-cmg1.bkb.rnp.br;lanmg2-cmg2.bkb.rnp.br;ptp-couve-almeirao.pop-mg.rnp.br;ptp-brigadeiro-couve.pop-mg.rnp.br;monipe-mg-atraso.rnp.br
1750045076,2025-06-16 00:37:56,gateway;No-Hostname;crj1-brj1.bkb.rnp.br;cmg1-crj1-telebras.bkb.rnp.br;cmg2-cmg1.bkb.rnp.br;lanmg2-cmg2.bkb.rnp.br;ptp-couve-almeirao.pop-mg.rnp.br;ptp-brigadeiro-couve.pop-mg.rnp.br;monipe-mg-atraso.rnp.br
1750046030,2025-06-16 00:53:50,gateway;No-Hostname;crj1-brj1.bkb.rnp.br;cmg1-crj1-telebras.bkb.rnp.br;cmg2-cmg1.bkb.rnp.br;lanmg2-cmg2.bkb.rnp.br;ptp-couve-almeirao.pop-mg.rnp.br;ptp-brigadeiro-couve.pop-mg.rnp.br;monipe-mg-atraso.rnp.br
1750046620,2025-06-16 01:03:40,gateway;No-Hostname;crj1-brj1.bkb.rnp.br;cmg1-crj1-telebras.bkb.rnp.br;cmg2-cmg1.bkb.rnp.br;lanmg2-cmg2.bkb.rnp.br;ptp-couve-almeirao.pop-mg.rnp.br;ptp-brigadeiro-couve.pop-mg.rnp.br;monipe-mg-atraso.rnp.br
1750046853,2025-06-16 01:07:33,gateway;No-Hostname;crj1-brj1.bkb.rnp.br;cmg1-crj1-telebras.bkb.rnp.br;cmg2-cmg1.bkb.rnp.br;lanmg2-cmg2.bkb.rnp.br;ptp-couve-almeirao.pop-mg.rnp.br;ptp-brigadeiro-couve.pop-mg.rnp.br;monipe-mg-atraso.rnp.br
1750047725,2025-06-16 01:22:05,gateway;No-Hostname;crj1-brj1.bkb.rnp.br;cmg1-crj1-telebras.bkb.rnp.br;cmg2-cmg1.bkb.rnp.br;lanmg2-cmg2.bkb.rnp.br;ptp-couve-almeirao.pop-mg.rnp.br;ptp-brigadeiro-couve.pop-mg.rnp.br;monipe-mg-atraso.rnp.br
1750047982,2025-06-16 01:26:22,gateway;No-Hostname;crj1-brj1.bkb.rnp.br;cmg1-crj1-telebras.bkb.rnp.br;cmg2-cmg1.bkb.rnp.br;lanmg2-cmg2.bkb.rnp.br;ptp-couve-almeirao.pop-mg.rnp.br;ptp-brigadeiro-couve.pop-mg.rnp.br;monipe-mg-atraso.rnp.br
1750048861,2025-06-16 01:41:01,gateway;No-Hostname;crj1-brj1.bkb.rnp.br;cmg1-crj1-telebras.bkb.rnp.br;cmg2-cmg1.bkb.rnp.br;lanmg2-cmg2.bkb.rnp.br;ptp-couve-almeirao.pop-mg.rnp.br;ptp-brigadeiro-couve.pop-mg.rnp.br;monipe-mg-atraso.rnp.br
1750049160,2025-06-16 01:46:00,gateway;No-Hostname;crj1-brj1.bkb.rnp.br;cmg1-crj1-telebras.bkb.rnp.br;cmg2-cmg1.bkb.rnp.br;lanmg2-cmg2.bkb.rnp.br;ptp-couve-almeirao.pop-mg.rnp.br;ptp-brigadeiro-couve.pop-mg.rnp.br;monipe-mg-atraso.rnp.br
1750050822,2025-06-16 02:13:42,gateway;No-Hostname;crj1-brj1.bkb.rnp.br;cmg1-crj1-telebras.bkb.rnp.br;cmg2-cmg1.bkb.rnp.br;lanmg2-cmg2.bkb.rnp.br;ptp-couve-almeirao.pop-mg.rnp.br;ptp-brigadeiro-couve.pop-mg.rnp.br;monipe-mg-atraso.rnp.br
1750050937,2025-06-16 02:15:37,gateway;No-Hostname;crj1-brj1.bkb.rnp.br;cmg1-crj1-telebras.bkb.rnp.br;cmg2-cmg1.bkb.rnp.br;lanmg2-cmg2.bkb.rnp.br;ptp-couve-almeirao.pop-mg.rnp.br;ptp-brigadeiro-couve.pop-mg.rnp.br;monipe-mg-atraso.rnp.br
1750051995,2025-06-16 02:33:15,gateway;No-Hostname;crj1-brj1.bkb.rnp.br;cmg1-crj1-telebras.bkb.rnp.br;cmg2-cmg1.bkb.rnp.br;lanmg2-cmg2.bkb.rnp.br;ptp-couve-almeirao.pop-mg.rnp.br;ptp-brigadeiro-couve.pop-mg.rnp.br;monipe-mg-atraso.rnp.br
1750052124,2025-06-16 02:35:24,gateway;No-Hostname;crj1-brj1.bkb.rnp.br;cmg1-crj1-telebras.bkb.rnp.br;cmg2-cmg1.bkb.rnp.br;lanmg2-cmg2.bkb.rnp.br;ptp-couve-almeirao.pop-mg.rnp.br;ptp-brigadeiro-couve.pop-mg.rnp.br;monipe-mg-atraso.rnp.br
1750053013,2025-06-16 02:50:13,gateway;No-Hostname;crj1-brj1.bkb.rnp.br;cmg1-crj1-telebras.bkb.rnp.br;cmg2-cmg1.bkb.rnp.br;lanmg2-cmg2.bkb.rnp.br;ptp-couve-almeirao.pop-mg.rnp.br;ptp-brigadeiro-couve.pop-mg.rnp.br;monipe-mg-atraso.rnp.br
1750053573,2025-06-16 02:59:33,gateway;No-Hostname;crj1-brj1.bkb.rnp.br;cmg1-crj1-telebras.bkb.rnp.br;cmg2-cmg1.bkb.rnp.br;lanmg2-cmg2.bkb.rnp.br;ptp-couve-almeirao.pop-mg.rnp.br;ptp-brigadeiro-couve.pop-mg.rnp.br;monipe-mg-atraso.rnp.br
1750054228,2025-06-16 03:10:28,gateway;No-Hostname;crj1-brj1.bkb.rnp.br;cmg1-crj1-telebras.bkb.rnp.br;cmg2-cmg1.bkb.rnp.br;lanmg2-cmg2.bkb.rnp.br;ptp-couve-almeirao.pop-mg.rnp.br;ptp-brigadeiro-couve.pop-mg.rnp.br;monipe-mg-atraso.rnp.br
1750055287,2025-06-16 03:28:07,gateway;No-Hostname;crj1-brj1.bkb.rnp.br;cmg1-crj1-telebras.bkb.rnp.br;cmg2-cmg1.bkb.rnp.br;lanmg2-cmg2.bkb.rnp.br;ptp-couve-almeirao.pop-mg.rnp.br;ptp-brigadeiro-couve.pop-mg.rnp.br;monipe-mg-atraso.rnp.br
1750055855,2025-06-16 03:37:35,gateway;No-Hostname;crj1-brj1.bkb.rnp.br;cmg1-crj1-telebras.bkb.rnp.br;cmg2-cmg1.bkb.rnp.br;lanmg2-cmg2.bkb.rnp.br;ptp-couve-almeirao.pop-mg.rnp.br;ptp-brigadeiro-couve.pop-mg.rnp.br;monipe-mg-atraso.rnp.br
1750056640,2025-06-16 03:50:40,gateway;No-Hostname;crj1-brj1.bkb.rnp.br;cmg1-crj1-telebras.bkb.rnp.br;cmg2-cmg1.bkb.rnp.br;lanmg2-cmg2.bkb.rnp.br;ptp-couve-almeirao.pop-mg.rnp.br;ptp-brigadeiro-couve.pop-mg.rnp.br;monipe-mg-atraso.rnp.br
1750057295,2025-06-16 04:01:35,gateway;No-Hostname;crj1-brj1.bkb.rnp.br;cmg1-crj1-telebras.bkb.rnp.br;cmg2-cmg1.bkb.rnp.br;lanmg2-cmg2.bkb.rnp.br;ptp-couve-almeirao.pop-mg.rnp.br;ptp-brigadeiro-couve.pop-mg.rnp.br;monipe-mg-atraso.rnp.br
1750057973,2025-06-16 04:12:53,gateway;No-Hostname;crj1-brj1.bkb.rnp.br;cmg1-crj1-telebras.bkb.rnp.br;cmg2-cmg1.bkb.rnp.br;lanmg2-cmg2.bkb.rnp.br;ptp-couve-almeirao.pop-mg.rnp.br;ptp-brigadeiro-couve.pop-mg.rnp.br;monipe-mg-atraso.rnp.br
1750058243,2025-06-16 04:17:23,gateway;No-Hostname;crj1-brj1.bkb.rnp.br;cmg1-crj1-telebras.bkb.rnp.br;cmg2-cmg1.bkb.rnp.br;lanmg2-cmg2.bkb.rnp.br;ptp-couve-almeirao.pop-mg.rnp.br;ptp-brigadeiro-couve.pop-mg.rnp.br;monipe-mg-atraso.rnp.br
1750059139,2025-06-16 04:32:19,gateway;No-Hostname;crj1-brj1.bkb.rnp.br;cmg1-crj1-telebras.bkb.rnp.br;cmg2-cmg1.bkb.rnp.br;lanmg2-cmg2.bkb.rnp.br;ptp-couve-almeirao.pop-mg.rnp.br;ptp-brigadeiro-couve.pop-mg.rnp.br;monipe-mg-atraso.rnp.br
1750060038,2025-06-16 04:47:18,gateway;No-Hostname;crj1-brj1.bkb.rnp.br;cmg1-crj1-telebras.bkb.rnp.br;cmg2-cmg1.bkb.rnp.br;lanmg2-cmg2.bkb.rnp.br;ptp-couve-almeirao.pop-mg.rnp.br;ptp-brigadeiro-couve.pop-mg.rnp.br;monipe-mg-atraso.rnp.br
1750060588,2025-06-16 04:56:28,gateway;No-Hostname;crj1-brj1.bkb.rnp.br;cmg1-crj1-telebras.bkb.rnp.br;cmg2-cmg1.bkb.rnp.br;lanmg2-cmg2.bkb.rnp.br;ptp-couve-almeirao.pop-mg.rnp.br;ptp-brigadeiro-couve.pop-mg.rnp.br;monipe-mg-atraso.rnp.br
1750061592,2025-06-16 05:13:12,gateway;No-Hostname;crj1-brj1.bkb.rnp.br;cmg1-crj1-telebras.bkb.rnp.br;cmg2-cmg1.bkb.rnp.br;lanmg2-cmg2.bkb.rnp.br;ptp-couve-almeirao.pop-mg.rnp.br;ptp-brigadeiro-couve.pop-mg.rnp.br;monipe-mg-atraso.rnp.br
1750062228,2025-06-16 05:23:48,gateway;No-Hostname;crj1-brj1.bkb.rnp.br;cmg1-crj1-telebras.bkb.rnp.br;cmg2-cmg1.bkb.rnp.br;lanmg2-cmg2.bkb.rnp.br;ptp-couve-almeirao.pop-mg.rnp.br;ptp-brigadeiro-couve.pop-mg.rnp.br;monipe-mg-atraso.rnp.br
1750062800,2025-06-16 05:33:20,gateway;No-Hostname;crj1-brj1.bkb.rnp.br;cmg1-crj1-telebras.bkb.rnp.br;cmg2-cmg1.bkb.rnp.br;lanmg2-cmg2.bkb.rnp.br;ptp-couve-almeirao.pop-mg.rnp.br;ptp-brigadeiro-couve.pop-mg.rnp.br;monipe-mg-atraso.rnp.br
1750062905,2025-06-16 05:35:05,gateway;No-Hostname;crj1-brj1.bkb.rnp.br;cmg1-crj1-telebras.bkb.rnp.br;cmg2-cmg1.bkb.rnp.br;lanmg2-cmg2.bkb.rnp.br;ptp-couve-almeirao.pop-mg.rnp.br;ptp-brigadeiro-couve.pop-mg.rnp.br;monipe-mg-atraso.rnp.br
1750063561,2025-06-16 05:46:01,gateway;No-Hostname;crj1-brj1.bkb.rnp.br;cmg1-crj1-telebras.bkb.rnp.br;cmg2-cmg1.bkb.rnp.br;lanmg2-cmg2.bkb.rnp.br;ptp-couve-almeirao.pop-mg.rnp.br;ptp-brigadeiro-couve.pop-mg.rnp.br;monipe-mg-atraso.rnp.br
1750065818,2025-06-16 06:23:38,gateway;No-Hostname;crj1-brj1.bkb.rnp.br;cmg1-crj1-telebras.bkb.rnp.br;cmg2-cmg1.bkb.rnp.br;lanmg2-cmg2.bkb.rnp.br;ptp-couve-almeirao.pop-mg.rnp.br;ptp-brigadeiro-couve.pop-mg.rnp.br;monipe-mg-atraso.rnp.br
1750066092,2025-06-16 06:28:12,gateway;No-Hostname;crj1-brj1.bkb.rnp.br;cmg1-crj1-telebras.bkb.rnp.br;cmg2-cmg1.bkb.rnp.br;lanmg2-cmg2.bkb.rnp.br;ptp-couve-almeirao.pop-mg.rnp.br;ptp-brigadeiro-couve.pop-mg.rnp.br;monipe-mg-atraso.rnp.br
1750067483,2025-06-16 06:51:23,gateway;No-Hostname;crj1-brj1.bkb.rnp.br;cmg1-crj1-telebras.bkb.rnp.br;cmg2-cmg1.bkb.rnp.br;lanmg2-cmg2.bkb.rnp.br;ptp-couve-almeirao.pop-mg.rnp.br;ptp-brigadeiro-couve.pop-mg.rnp.br;monipe-mg-atraso.rnp.br
1750067817,2025-06-16 06:56:57,gateway;No-Hostname;crj1-brj1.bkb.rnp.br;cmg1-crj1-telebras.bkb.rnp.br;cmg2-cmg1.bkb.rnp.br;lanmg2-cmg2.bkb.rnp.br;ptp-couve-almeirao.pop-mg.rnp.br;ptp-brigadeiro-couve.pop-mg.rnp.br;monipe-mg-atraso.rnp.br
1750068654,2025-06-16 07:10:54,gateway;No-Hostname;crj1-brj1.bkb.rnp.br;cmg1-crj1-telebras.bkb.rnp.br;cmg2-cmg1.bkb.rnp.br;lanmg2-cmg2.bkb.rnp.br;ptp-couve-almeirao.pop-mg.rnp.br;ptp-brigadeiro-couve.pop-mg.rnp.br;monipe-mg-atraso.rnp.br
1750069099,2025-06-16 07:18:19,gateway;No-Hostname;crj1-brj1.bkb.rnp.br;cmg1-crj1-telebras.bkb.rnp.br;cmg2-cmg1.bkb.rnp.br;lanmg2-cmg2.bkb.rnp.br;ptp-couve-almeirao.pop-mg.rnp.br;ptp-brigadeiro-couve.pop-mg.rnp.br;monipe-mg-atraso.rnp.br
1750069791,2025-06-16 07:29:51,gateway;No-Hostname;crj1-brj1.bkb.rnp.br;cmg1-crj1-telebras.bkb.rnp.br;cmg2-cmg1.bkb.rnp.br;lanmg2-cmg2.bkb.rnp.br;ptp-couve-almeirao.pop-mg.rnp.br;ptp-brigadeiro-couve.pop-mg.rnp.br;monipe-mg-atraso.rnp.br
1750070431,2025-06-16 07:40:31,gateway;No-Hostname;crj1-brj1.bkb.rnp.br;cmg1-crj1-telebras.bkb.rnp.br;cmg2-cmg1.bkb.rnp.br;lanmg2-cmg2.bkb.rnp.br;ptp-couve-almeirao.pop-mg.rnp.br;ptp-brigadeiro-couve.pop-mg.rnp.br;monipe-mg-atraso.rnp.br
1750071153,2025-06-16 07:52:33,gateway;No-Hostname;crj1-brj1.bkb.rnp.br;cmg1-crj1-telebras.bkb.rnp.br;cmg2-cmg1.bkb.rnp.br;lanmg2-cmg2.bkb.rnp.br;ptp-couve-almeirao.pop-mg.rnp.br;ptp-brigadeiro-couve.pop-mg.rnp.br;monipe-mg-atraso.rnp.br
1750071489,2025-06-16 07:58:09,gateway;No-Hostname;crj1-brj1.bkb.rnp.br;cmg1-crj1-telebras.bkb.rnp.br;cmg2-cmg1.bkb.rnp.br;lanmg2-cmg2.bkb.rnp.br;ptp-couve-almeirao.pop-mg.rnp.br;ptp-brigadeiro-couve.pop-mg.rnp.br;monipe-mg-atraso.rnp.br
1750072148,2025-06-16 08:09:08,gateway;No-Hostname;crj1-brj1.bkb.rnp.br;cmg1-crj1-telebras.bkb.rnp.br;cmg2-cmg1.bkb.rnp.br;lanmg2-cmg2.bkb.rnp.br;ptp-couve-almeirao.pop-mg.rnp.br;ptp-brigadeiro-couve.pop-mg.rnp.br;monipe-mg-atraso.rnp.br
1750072572,2025-06-16 08:16:12,gateway;No-Hostname;crj1-brj1.bkb.rnp.br;cmg1-crj1-telebras.bkb.rnp.br;cmg2-cmg1.bkb.rnp.br;lanmg2-cmg2.bkb.rnp.br;ptp-couve-almeirao.pop-mg.rnp.br;ptp-brigadeiro-couve.pop-mg.rnp.br;monipe-mg-atraso.rnp.br
1750074033,2025-06-16 08:40:33,gateway;No-Hostname;crj1-brj1.bkb.rnp.br;cmg1-crj1-telebras.bkb.rnp.br;cmg2-cmg1.bkb.rnp.br;lanmg2-cmg2.bkb.rnp.br;ptp-couve-almeirao.pop-mg.rnp.br;ptp-brigadeiro-couve.pop-mg.rnp.br;monipe-mg-atraso.rnp.br
1750074691,2025-06-16 08:51:31,gateway;No-Hostname;crj1-brj1.bkb.rnp.br;cmg1-crj1-telebras.bkb.rnp.br;cmg2-cmg1.bkb.rnp.br;lanmg2-cmg2.bkb.rnp.br;ptp-couve-almeirao.pop-mg.rnp.br;ptp-brigadeiro-couve.pop-mg.rnp.br;monipe-mg-atraso.rnp.br
1750075364,2025-06-16 09:02:44,gateway;No-Hostname;crj1-brj1.bkb.rnp.br;cmg1-crj1-telebras.bkb.rnp.br;cmg2-cmg1.bkb.rnp.br;lanmg2-cmg2.bkb.rnp.br;ptp-couve-almeirao.pop-mg.rnp.br;ptp-brigadeiro-couve.pop-mg.rnp.br;monipe-mg-atraso.rnp.br
1750075919,2025-06-16 09:11:59,gateway;No-Hostname;crj1-brj1.bkb.rnp.br;cmg1-crj1-telebras.bkb.rnp.br;cmg2-cmg1.bkb.rnp.br;lanmg2-cmg2.bkb.rnp.br;ptp-couve-almeirao.pop-mg.rnp.br;ptp-brigadeiro-couve.pop-mg.rnp.br;monipe-mg-atraso.rnp.br
1750076633,2025-06-16 09:23:53,gateway;No-Hostname;crj1-brj1.bkb.rnp.br;cmg1-crj1-telebras.bkb.rnp.br;cmg2-cmg1.bkb.rnp.br;lanmg2-cmg2.bkb.rnp.br;ptp-couve-almeirao.pop-mg.rnp.br;ptp-brigadeiro-couve.pop-mg.rnp.br;monipe-mg-atraso.rnp.br
1750076708,2025-06-16 09:25:08,gateway;No-Hostname;crj1-brj1.bkb.rnp.br;cmg1-crj1-telebras.bkb.rnp.br;cmg2-cmg1.bkb.rnp.br;lanmg2-cmg2.bkb.rnp.br;ptp-couve-almeirao.pop-mg.rnp.br;ptp-brigadeiro-couve.pop-mg.rnp.br;monipe-mg-atraso.rnp.br
1750077313,2025-06-16 09:35:13,gateway;No-Hostname;crj1-brj1.bkb.rnp.br;cmg1-crj1-telebras.bkb.rnp.br;cmg2-cmg1.bkb.rnp.br;lanmg2-cmg2.bkb.rnp.br;ptp-couve-almeirao.pop-mg.rnp.br;ptp-brigadeiro-couve.pop-mg.rnp.br;monipe-mg-atraso.rnp.br
1750078052,2025-06-16 09:47:32,gateway;No-Hostname;crj1-brj1.bkb.rnp.br;cmg1-crj1-telebras.bkb.rnp.br;cmg2-cmg1.bkb.rnp.br;lanmg2-cmg2.bkb.rnp.br;ptp-couve-almeirao.pop-mg.rnp.br;ptp-brigadeiro-couve.pop-mg.rnp.br;monipe-mg-atraso.rnp.br
1750078662,2025-06-16 09:57:42,gateway;No-Hostname;crj1-brj1.bkb.rnp.br;cmg1-crj1-telebras.bkb.rnp.br;cmg2-cmg1.bkb.rnp.br;lanmg2-cmg2.bkb.rnp.br;ptp-couve-almeirao.pop-mg.rnp.br;ptp-brigadeiro-couve.pop-mg.rnp.br;monipe-mg-atraso.rnp.br
1750079392,2025-06-16 10:09:52,gateway;No-Hostname;crj1-brj1.bkb.rnp.br;cmg1-crj1-telebras.bkb.rnp.br;cmg2-cmg1.bkb.rnp.br;lanmg2-cmg2.bkb.rnp.br;ptp-couve-almeirao.pop-mg.rnp.br;ptp-brigadeiro-couve.pop-mg.rnp.br;monipe-mg-atraso.rnp.br
1750080142,2025-06-16 10:22:22,gateway;No-Hostname;crj1-brj1.bkb.rnp.br;cmg1-crj1-telebras.bkb.rnp.br;cmg2-cmg1.bkb.rnp.br;lanmg2-cmg2.bkb.rnp.br;ptp-couve-almeirao.pop-mg.rnp.br;ptp-brigadeiro-couve.pop-mg.rnp.br;monipe-mg-atraso.rnp.br
1750080443,2025-06-16 10:27:23,gateway;No-Hostname;crj1-brj1.bkb.rnp.br;cmg1-crj1-telebras.bkb.rnp.br;cmg2-cmg1.bkb.rnp.br;lanmg2-cmg2.bkb.rnp.br;ptp-couve-almeirao.pop-mg.rnp.br;ptp-brigadeiro-couve.pop-mg.rnp.br;monipe-mg-atraso.rnp.br
1750080958,2025-06-16 10:35:58,gateway;No-Hostname;crj1-brj1.bkb.rnp.br;cmg1-crj1-telebras.bkb.rnp.br;cmg2-cmg1.bkb.rnp.br;lanmg2-cmg2.bkb.rnp.br;ptp-couve-almeirao.pop-mg.rnp.br;ptp-brigadeiro-couve.pop-mg.rnp.br;monipe-mg-atraso.rnp.br
1750081806,2025-06-16 10:50:06,gateway;No-Hostname;crj1-brj1.bkb.rnp.br;cmg1-crj1-telebras.bkb.rnp.br;cmg2-cmg1.bkb.rnp.br;lanmg2-cmg2.bkb.rnp.br;ptp-couve-almeirao.pop-mg.rnp.br;ptp-brigadeiro-couve.pop-mg.rnp.br;monipe-mg-atraso.rnp.br
1750082140,2025-06-16 10:55:40,gateway;No-Hostname;crj1-brj1.bkb.rnp.br;cmg1-crj1-telebras.bkb.rnp.br;cmg2-cmg1.bkb.rnp.br;lanmg2-cmg2.bkb.rnp.br;ptp-couve-almeirao.pop-mg.rnp.br;ptp-brigadeiro-couve.pop-mg.rnp.br;monipe-mg-atraso.rnp.br
1750083118,2025-06-16 11:11:58,gateway;No-Hostname;crj1-brj1.bkb.rnp.br;cmg1-crj1-telebras.bkb.rnp.br;cmg2-cmg1.bkb.rnp.br;lanmg2-cmg2.bkb.rnp.br;ptp-couve-almeirao.pop-mg.rnp.br;ptp-brigadeiro-couve.pop-mg.rnp.br;monipe-mg-atraso.rnp.br
1750083717,2025-06-16 11:21:57,gateway;No-Hostname;crj1-brj1.bkb.rnp.br;cmg1-crj1-telebras.bkb.rnp.br;cmg2-cmg1.bkb.rnp.br;lanmg2-cmg2.bkb.rnp.br;ptp-couve-almeirao.pop-mg.rnp.br;ptp-brigadeiro-couve.pop-mg.rnp.br;monipe-mg-atraso.rnp.br
1750084222,2025-06-16 11:30:22,gateway;No-Hostname;crj1-brj1.bkb.rnp.br;cmg1-crj1-telebras.bkb.rnp.br;cmg2-cmg1.bkb.rnp.br;lanmg2-cmg2.bkb.rnp.br;ptp-couve-almeirao.pop-mg.rnp.br;ptp-brigadeiro-couve.pop-mg.rnp.br;monipe-mg-atraso.rnp.br
1750084566,2025-06-16 11:36:06,gateway;No-Hostname;crj1-brj1.bkb.rnp.br;cmg1-crj1-telebras.bkb.rnp.br;cmg2-cmg1.bkb.rnp.br;lanmg2-cmg2.bkb.rnp.br;ptp-couve-almeirao.pop-mg.rnp.br;ptp-brigadeiro-couve.pop-mg.rnp.br;monipe-mg-atraso.rnp.br
1750085449,2025-06-16 11:50:49,gateway;No-Hostname;crj1-brj1.bkb.rnp.br;cmg1-crj1-telebras.bkb.rnp.br;cmg2-cmg1.bkb.rnp.br;lanmg2-cmg2.bkb.rnp.br;ptp-couve-almeirao.pop-mg.rnp.br;ptp-brigadeiro-couve.pop-mg.rnp.br;monipe-mg-atraso.rnp.br
1750085717,2025-06-16 11:55:17,gateway;No-Hostname;crj1-brj1.bkb.rnp.br;cmg1-crj1-telebras.bkb.rnp.br;cmg2-cmg1.bkb.rnp.br;lanmg2-cmg2.bkb.rnp.br;ptp-couve-almeirao.pop-mg.rnp.br;ptp-brigadeiro-couve.pop-mg.rnp.br;monipe-mg-atraso.rnp.br
1750086530,2025-06-16 12:08:50,gateway;No-Hostname;crj1-brj1.bkb.rnp.br;cmg1-crj1-telebras.bkb.rnp.br;cmg2-cmg1.bkb.rnp.br;lanmg2-cmg2.bkb.rnp.br;ptp-couve-almeirao.pop-mg.rnp.br;ptp-brigadeiro-couve.pop-mg.rnp.br;monipe-mg-atraso.rnp.br
1750086953,2025-06-16 12:15:53,gateway;No-Hostname;crj1-brj1.bkb.rnp.br;cmg1-crj1-telebras.bkb.rnp.br;cmg2-cmg1.bkb.rnp.br;lanmg2-cmg2.bkb.rnp.br;ptp-couve-almeirao.pop-mg.rnp.br;ptp-brigadeiro-couve.pop-mg.rnp.br;monipe-mg-atraso.rnp.br
1750087833,2025-06-16 12:30:33,gateway;No-Hostname;crj1-brj1.bkb.rnp.br;cmg1-crj1-telebras.bkb.rnp.br;cmg2-cmg1.bkb.rnp.br;lanmg2-cmg2.bkb.rnp.br;ptp-couve-almeirao.pop-mg.rnp.br;ptp-brigadeiro-couve.pop-mg.rnp.br;monipe-mg-atraso.rnp.br
1750088287,2025-06-16 12:38:07,gateway;No-Hostname;crj1-brj1.bkb.rnp.br;cmg1-crj1-telebras.bkb.rnp.br;cmg2-cmg1.bkb.rnp.br;lanmg2-cmg2.bkb.rnp.br;ptp-couve-almeirao.pop-mg.rnp.br;ptp-brigadeiro-couve.pop-mg.rnp.br;monipe-mg-atraso.rnp.br
1750088941,2025-06-16 12:49:01,gateway;No-Hostname;crj1-brj1.bkb.rnp.br;cmg1-crj1-telebras.bkb.rnp.br;cmg2-cmg1.bkb.rnp.br;lanmg2-cmg2.bkb.rnp.br;ptp-couve-almeirao.pop-mg.rnp.br;ptp-brigadeiro-couve.pop-mg.rnp.br;monipe-mg-atraso.rnp.br
1750089431,2025-06-16 12:57:11,gateway;No-Hostname;crj1-brj1.bkb.rnp.br;cmg1-crj1-telebras.bkb.rnp.br;cmg2-cmg1.bkb.rnp.br;lanmg2-cmg2.bkb.rnp.br;ptp-couve-almeirao.pop-mg.rnp.br;ptp-brigadeiro-couve.pop-mg.rnp.br;monipe-mg-atraso.rnp.br
1750090319,2025-06-16 13:11:59,gateway;No-Hostname;crj1-brj1.bkb.rnp.br;cmg1-crj1-telebras.bkb.rnp.br;cmg2-cmg1.bkb.rnp.br;lanmg2-cmg2.bkb.rnp.br;ptp-couve-almeirao.pop-mg.rnp.br;ptp-brigadeiro-couve.pop-mg.rnp.br;monipe-mg-atraso.rnp.br
1750090517,2025-06-16 13:15:17,gateway;No-Hostname;crj1-brj1.bkb.rnp.br;cmg1-crj1-telebras.bkb.rnp.br;cmg2-cmg1.bkb.rnp.br;lanmg2-cmg2.bkb.rnp.br;ptp-couve-almeirao.pop-mg.rnp.br;ptp-brigadeiro-couve.pop-mg.rnp.br;monipe-mg-atraso.rnp.br
1750091157,2025-06-16 13:25:57,gateway;No-Hostname;crj1-brj1.bkb.rnp.br;cmg1-crj1-telebras.bkb.rnp.br;cmg2-cmg1.bkb.rnp.br;lanmg2-cmg2.bkb.rnp.br;ptp-couve-almeirao.pop-mg.rnp.br;ptp-brigadeiro-couve.pop-mg.rnp.br;monipe-mg-atraso.rnp.br
1750091926,2025-06-16 13:38:46,gateway;No-Hostname;crj1-brj1.bkb.rnp.br;cmg1-crj1-telebras.bkb.rnp.br;cmg2-cmg1.bkb.rnp.br;lanmg2-cmg2.bkb.rnp.br;ptp-couve-almeirao.pop-mg.rnp.br;ptp-brigadeiro-couve.pop-mg.rnp.br;monipe-mg-atraso.rnp.br
1750092488,2025-06-16 13:48:08,gateway;No-Hostname;crj1-brj1.bkb.rnp.br;cmg1-crj1-telebras.bkb.rnp.br;cmg2-cmg1.bkb.rnp.br;lanmg2-cmg2.bkb.rnp.br;ptp-couve-almeirao.pop-mg.rnp.br;ptp-brigadeiro-couve.pop-mg.rnp.br;monipe-mg-atraso.rnp.br
1750093383,2025-06-16 14:03:03,gateway;No-Hostname;crj1-brj1.bkb.rnp.br;cmg1-crj1-telebras.bkb.rnp.br;cmg2-cmg1.bkb.rnp.br;lanmg2-cmg2.bkb.rnp.br;ptp-couve-almeirao.pop-mg.rnp.br;ptp-brigadeiro-couve.pop-mg.rnp.br;monipe-mg-atraso.rnp.br
1750093528,2025-06-16 14:05:28,gateway;No-Hostname;crj1-brj1.bkb.rnp.br;cmg1-crj1-telebras.bkb.rnp.br;cmg2-cmg1.bkb.rnp.br;lanmg2-cmg2.bkb.rnp.br;ptp-couve-almeirao.pop-mg.rnp.br;ptp-brigadeiro-couve.pop-mg.rnp.br;monipe-mg-atraso.rnp.br
1750094483,2025-06-16 14:21:23,gateway;No-Hostname;crj1-brj1.bkb.rnp.br;cmg1-crj1-telebras.bkb.rnp.br;cmg2-cmg1.bkb.rnp.br;lanmg2-cmg2.bkb.rnp.br;ptp-couve-almeirao.pop-mg.rnp.br;ptp-brigadeiro-couve.pop-mg.rnp.br;monipe-mg-atraso.rnp.br
1750095176,2025-06-16 14:32:56,gateway;No-Hostname;crj1-brj1.bkb.rnp.br;cmg1-crj1-telebras.bkb.rnp.br;cmg2-cmg1.bkb.rnp.br;lanmg2-cmg2.bkb.rnp.br;ptp-couve-almeirao.pop-mg.rnp.br;ptp-brigadeiro-couve.pop-mg.rnp.br;monipe-mg-atraso.rnp.br
1750095545,2025-06-16 14:39:05,gateway;No-Hostname;crj1-brj1.bkb.rnp.br;cmg1-crj1-telebras.bkb.rnp.br;cmg2-cmg1.bkb.rnp.br;lanmg2-cmg2.bkb.rnp.br;ptp-couve-almeirao.pop-mg.rnp.br;ptp-brigadeiro-couve.pop-mg.rnp.br;monipe-mg-atraso.rnp.br
1750096103,2025-06-16 14:48:23,gateway;No-Hostname;crj1-brj1.bkb.rnp.br;cmg1-crj1-telebras.bkb.rnp.br;cmg2-cmg1.bkb.rnp.br;lanmg2-cmg2.bkb.rnp.br;ptp-couve-almeirao.pop-mg.rnp.br;ptp-brigadeiro-couve.pop-mg.rnp.br;monipe-mg-atraso.rnp.br
1750097034,2025-06-16 15:03:54,gateway;No-Hostname;crj1-brj1.bkb.rnp.br;cmg1-crj1-telebras.bkb.rnp.br;cmg2-cmg1.bkb.rnp.br;lanmg2-cmg2.bkb.rnp.br;ptp-couve-almeirao.pop-mg.rnp.br;ptp-brigadeiro-couve.pop-mg.rnp.br;monipe-mg-atraso.rnp.br
1750097351,2025-06-16 15:09:11,gateway;No-Hostname;crj1-brj1.bkb.rnp.br;cmg1-crj1-telebras.bkb.rnp.br;cmg2-cmg1.bkb.rnp.br;lanmg2-cmg2.bkb.rnp.br;ptp-couve-almeirao.pop-mg.rnp.br;ptp-brigadeiro-couve.pop-mg.rnp.br;monipe-mg-atraso.rnp.br
1750097953,2025-06-16 15:19:13,gateway;No-Hostname;crj1-brj1.bkb.rnp.br;cmg1-crj1-telebras.bkb.rnp.br;cmg2-cmg1.bkb.rnp.br;lanmg2-cmg2.bkb.rnp.br;ptp-couve-almeirao.pop-mg.rnp.br;ptp-brigadeiro-couve.pop-mg.rnp.br;monipe-mg-atraso.rnp.br
1750098671,2025-06-16 15:31:11,gateway;No-Hostname;crj1-brj1.bkb.rnp.br;cmg1-crj1-telebras.bkb.rnp.br;cmg2-cmg1.bkb.rnp.br;lanmg2-cmg2.bkb.rnp.br;ptp-couve-almeirao.pop-mg.rnp.br;ptp-brigadeiro-couve.pop-mg.rnp.br;monipe-mg-atraso.rnp.br
1750099036,2025-06-16 15:37:16,gateway;No-Hostname;crj1-brj1.bkb.rnp.br;cmg1-crj1-telebras.bkb.rnp.br;cmg2-cmg1.bkb.rnp.br;lanmg2-cmg2.bkb.rnp.br;ptp-couve-almeirao.pop-mg.rnp.br;ptp-brigadeiro-couve.pop-mg.rnp.br;monipe-mg-atraso.rnp.br
1750099738,2025-06-16 15:48:58,gateway;No-Hostname;crj1-brj1.bkb.rnp.br;cmg1-crj1-telebras.bkb.rnp.br;cmg2-cmg1.bkb.rnp.br;lanmg2-cmg2.bkb.rnp.br;ptp-couve-almeirao.pop-mg.rnp.br;ptp-brigadeiro-couve.pop-mg.rnp.br;monipe-mg-atraso.rnp.br
1750100303,2025-06-16 15:58:23,gateway;No-Hostname;crj1-brj1.bkb.rnp.br;cmg1-crj1-telebras.bkb.rnp.br;cmg2-cmg1.bkb.rnp.br;lanmg2-cmg2.bkb.rnp.br;ptp-couve-almeirao.pop-mg.rnp.br;ptp-brigadeiro-couve.pop-mg.rnp.br;monipe-mg-atraso.rnp.br
1750101321,2025-06-16 16:15:21,gateway;No-Hostname;crj1-brj1.bkb.rnp.br;cmg1-crj1-telebras.bkb.rnp.br;cmg2-cmg1.bkb.rnp.br;lanmg2-cmg2.bkb.rnp.br;ptp-couve-almeirao.pop-mg.rnp.br;ptp-brigadeiro-couve.pop-mg.rnp.br;monipe-mg-atraso.rnp.br
